x1,x2,x3,x4,x5,x6,y
0.30836788336074056,0.6973980724113552,-0.7215410576589928,-0.5329172278170428,0.9268099419982443,1.0,5.981283233550848
-0.3665280867334979,-0.5021887491703728,0.48495080594732215,-0.1067806429920859,-0.46464365171644073,-0.9392568568982809,2.854250155226065
0.8802314865257859,-0.1764716349241785,-1.0,0.17902539228550152,1.0,0.6516939709984555,-0.9856959724281256
0.5324593471715429,0.22654287560095154,0.23372545344615925,0.7700165679413908,1.0,-0.0788158177100879,-0.29232926826444894
0.08255050720611656,-0.20158315969149354,-0.6315707761150293,0.1895380573149381,0.9405066741314965,-0.46361034176852817,-0.3887282576560311
0.5752811735386216,1.0,1.0,0.7880391434198146,-0.6703968522488352,0.13769266667188546,-0.9409270799809106
-0.721737657828754,0.0070216208323998774,-1.0,-0.02766756993117364,0.17357360012081108,-0.30942907830533195,-0.10389818020759398
-0.6117876286741961,0.9192186582900495,-0.9167634876326682,-0.6371878266834389,-1.0,0.7406528176542944,6.974840909150259
-1.0,-0.6257027215406834,-1.0,0.07793003118181119,-1.0,-0.0833355594569391,-4.102711857033647
-0.3187905855541633,0.4732952196213266,-0.5347504391113526,-0.3329709963171253,0.06367933971572798,0.22102098078586824,0.32803864551236467
-1.0,-0.5498660099252989,-0.654432572489646,0.16873438352961523,0.7975406472139447,0.45025412912282337,0.16559403461599065
-1.0,0.4358580554198688,-0.25382826546179893,-1.0,1.0,1.0,8.428503669908917
1.0,1.0,1.0,0.9952367572145583,-0.35868867010537153,-1.0,5.463553502868967
-1.0,-1.0,-0.4149503036165816,-1.0,-1.0,-0.3563512293995108,2.3203925748931744
-0.4763271263243122,-1.0,-0.8727898809893647,-0.8439800907179721,-0.6376019132784624,-0.01645242618492576,-2.820005240967623
-1.0,-1.0,-1.0,-0.24392554488673945,0.20555718184963545,-1.0,4.655243677105905
0.007544756104991279,-0.08192756145123037,-0.17294398614093598,-0.6148734823514304,-1.0,-1.0,2.2296672425894037
1.0,1.0,-0.6243392627950435,0.8301738687542493,1.0,1.0,2.133498125227265
-1.0,-1.0,-1.0,0.27306501410673834,0.5963573176705302,0.07850330032711428,-4.341670856452519
-0.4024925394132105,-0.7842774426869386,0.221933446126364,-0.5776072153070879,0.4527386402628304,0.6894481044422968,-0.008909482862627407
1.0,-1.0,-0.829062937694829,-0.7409408381705999,0.0757717728093669,1.0,-1.6122398167515142
-1.0,-1.0,-0.8080260070654715,-0.6097698152826574,-0.33715023926288246,-0.8958023704549456,2.4862007942329782
0.7907111645920563,0.7424699198347311,1.0,0.11092982742346014,1.0,0.6213100549458066,-3.5354899606288295
-0.19484458690508855,-0.34053928449624005,-0.1362500008272416,-0.8532386991158756,-1.0,-1.0,3.8896432030616768
-1.0,0.3632053544740941,-1.0,-0.14266777089320393,-1.0,1.0,6.254988134944807
-0.24763999676146908,-0.06816606968457861,-0.5593910660844752,-0.4008049974383287,-0.26655352698700596,1.0,4.09013911801757
0.15252283300334435,-0.07275410101346097,1.0,-0.7681820968653519,0.10277697544521736,0.17519788746195175,-1.417169403368688
0.727335201657015,-0.13135682982840968,0.06708899999889757,0.13015031644386837,0.29863653107344945,-1.0,2.649454335143341
-0.39003665914818547,0.19292147814832739,-0.8003875740450604,-1.0,1.0,0.9129148338946178,8.229823447749833
-1.0,0.11804124516923575,-0.10307695927379612,0.12151768932877371,0.18956774506841764,-0.4850295028960211,1.5208961717561655
-1.0,-0.5947887723892991,1.0,1.0,0.5179253060590245,-0.17934040631781356,-0.10227221860333469
0.8075577935991163,1.0,-0.5066007607236211,0.5452915360666442,-0.3832085202143435,-0.27444164176725716,3.2311435194457836
-1.0,-0.36567403373705,-0.2036298394325302,0.36406824427049356,-0.4250298936255601,-0.6162560959259951,0.3175755946029244
0.19565145189117206,0.6485529439748368,1.0,-0.020308049678163992,0.4839278325541789,-0.06947914111597187,-0.800454369519726
-0.3472830174529754,0.8943101298328868,-0.3820495403036204,1.0,-1.0,-0.7104909417065977,2.5857510400106998
0.9467724256403016,1.0,1.0,1.0,1.0,-1.0,-6.800128482176473
0.013790585959420787,0.08629130328511814,0.29654399271067167,-0.4941147540954609,0.18043834980997958,-0.5631824307966339,0.27698732862395803
-1.0,-1.0,-1.0,-1.0,-1.0,-0.7576951478909881,1.7235178442826335
0.5254942452859704,-0.5045618433287933,0.708323417585665,-0.5889227932414832,-0.47562088208877135,-0.35195056777348077,1.763249360896621
-1.0,-0.5173679698562457,-1.0,0.13967929780447286,-0.13408553435435877,-1.0,4.688002984707751
-0.04791076228355018,1.0,-0.6759982371665785,0.06135890639233721,1.0,0.4538127913883303,5.3798398411314565
0.33949713522260794,1.0,1.0,0.14764869549183657,0.12235842065699687,0.7657554501697557,-2.7481643113364127
1.0,1.0,0.6696295873845435,1.0,-1.0,-0.6747494156847974,7.436475538719344
-0.957023943235904,-0.8910700477974854,-0.7157216036106828,-1.0,0.04703890066352831,-0.7894114490706179,0.8272968404214751
0.5491649295890622,0.35931963424792746,1.0,0.7404751774459446,0.16289431643099758,1.0,-2.6556548693351596
-1.0,-0.4069822142933301,1.0,-0.9889299670039546,-1.0,-1.0,-0.06953531464670126
-0.42982705372403984,-1.0,-1.0,-1.0,0.00282582371927087,0.7916983819568857,-3.801594570184452
-0.9612755952364821,-0.7426089595154426,-1.0,-1.0,1.0,-0.30410447584008116,-3.8242663510983594
1.0,0.9039963689867094,0.6373402587996826,1.0,-1.0,-0.9394061888261411,9.41846093083162
-0.6847792361250076,-0.23563062834320903,-1.0,-1.0,0.15488643459397633,0.9261921219225604,3.9283048458305205
-0.3557382786797597,-0.5281297557985078,0.36975382476336416,-0.49941570918444855,-0.5946014544481824,-1.0,3.5736583048477755
-1.0,0.5956704147504281,-1.0,0.5202769921561818,-0.7424129571004539,-1.0,4.442678366052834
0.050936411733982556,-0.10493262731688402,0.2353771105873032,-0.02885686011356503,0.010146813251699971,-0.41988938452141866,1.1887516643654263
0.45388626434124135,0.43732447147771303,-0.062336231566888056,-1.0,1.0,-0.015637299188566822,0.7856509787281494
0.2112967889194428,0.11688237802191814,0.3050607641921892,1.0,1.0,1.0,4.421951016005935
-0.8916477064105982,-0.579261458357331,-1.0,-1.0,0.19851052019578552,-1.0,6.233337598553736
1.0,1.0,0.6808451656049943,0.31384262905283744,1.0,1.0,-3.2948578761264895
0.34300863662355396,0.6109472684070324,-0.24805315838801167,-0.9507054398807493,-0.1487488886989885,0.5340536191884766,2.7330424525138404
0.98983184738686,-1.0,-0.7334489229782652,-0.8472164986680382,1.0,1.0,-5.534266815874221
-0.27825431136381273,0.969136283492245,-0.8976404596692936,-0.018037927625768835,1.0,1.0,12.399161815191055
-0.6269771401074858,-0.40855379056159974,0.8994324948653254,-0.3680926269112115,0.33523706251518587,1.0,-1.8839747014511485
1.0,0.5649342663680035,1.0,1.0,-0.16823306953919848,-0.8810148073188206,3.6331229746434746
0.6231407879242741,0.7409220389235562,-0.05871280152328151,0.4825995213050014,-1.0,-0.9775864839644359,5.311729202043079
-0.2831799341421158,-0.1664600033624964,-0.06662327047383018,-1.0,-0.09177841172272316,-0.8330567915791387,1.6174911076507636
-0.5525015999500689,-0.5027330199537328,-0.8619336945697464,-1.0,-0.8903519698861802,0.6710918655482133,2.554651642297324
1.0,1.0,-0.37038847451515927,-0.5565164560972032,-0.35383509754856934,-0.07437763214845439,2.3223471964721334
-0.1424685611167136,-0.6460599993369422,0.8357388706005966,0.037469465667488044,-0.22556956359819114,0.09737673771839439,1.0221918716959275
0.5811068629052927,0.7865279053470531,1.0,1.0,0.011694446541353098,0.9965741628997187,-4.175525988837538
-0.819922310776408,1.0,-0.02600349677606617,-0.9047415261046579,1.0,0.2195398114263491,4.676579829492068
-0.4236380566484073,-0.5897615363719451,-1.0,-1.0,-0.925245721173635,0.9491870733153046,4.792286227544708
0.18884422838229548,-0.48784666636155855,0.6699423783706431,1.0,0.5341516116083382,0.35134396494522424,-0.6315944944609416
-0.7274771215154151,-0.6313710966653683,0.7629091650709807,-1.0,1.0,1.0,-0.698043933185361
-1.0,-1.0,-0.2962215772819873,-1.0,0.11118374481479187,-0.7966422891625267,2.1702371961532334
-0.2177735282345814,0.8536399704695398,0.22317095132765785,-0.2337923141783359,0.389590518580784,1.0,4.22042401916917
0.1816553397429373,-0.28160196121618375,0.29539984306817235,1.0,0.0961818599030895,1.0,3.1171621787734893
0.21875347393983816,0.02980915261894479,-0.09535729550997962,-0.0438076956948682,-0.4557921647558913,0.18641367422920402,1.2430213915355015
0.009570720936577515,0.03279583185982626,0.09440350274968079,0.27552956218284774,0.7362582032499566,-0.07553141227279801,-0.011315146905899756
0.7947986026517742,0.32487819975203625,0.47515747106627615,0.5808534514808246,-0.573028603834487,0.8706467299549164,2.0800484299856112
-0.3367745306095038,-0.7374770831554758,0.20775627413642622,-0.3700397331568962,1.0,0.806337257692501,0.9647702958920856
-0.9942471578941916,-1.0,-0.6764704149072436,-1.0,-0.8078031122031342,0.9476974242389606,-1.3176383170416943
1.0,-0.13310817725972218,-0.3878378369360684,0.28510774124490124,-1.0,-1.0,6.744752932112857
-1.0,-0.4873667411483089,-1.0,-0.3149966063315378,1.0,1.0,6.3381522361109175
0.18130240911445106,0.03632922598346289,-0.5858939129808515,0.0977575292684223,1.0,-0.513382420542279,-1.9679774578211795
0.9815144567724585,0.4554150642508574,0.0363609624235961,1.0,-0.7122812082773744,-1.0,7.885377223417477
-1.0,-0.7455804914262887,-1.0,-0.8516963757104081,1.0,1.0,3.6544493708352084
-1.0,-0.011566630088354346,-1.0,0.3045675055379413,0.1882391673367092,0.8579117580134414,5.007357065218405
0.3404778310545373,0.12423408446664208,1.0,0.1649663045513734,1.0,1.0,-0.9657287959503735
-1.0,-0.7062121893814433,-1.0,-0.06249537316771142,-0.29541382317571757,1.0,3.206443661961755
0.11616875274907545,-0.7652530948507597,-0.3844417663674631,-0.40719325589082156,-0.8175217877600806,0.09126811779845523,0.044023990853035655
1.0,0.37258391121044343,1.0,0.001743548910169146,1.0,0.5306985356194089,-4.412469667515912
-1.0,-0.6320015799769849,-1.0,-0.7961110166035135,0.4906899006127401,0.1448203558174218,-3.2470479019361256
-0.3583194056299297,-1.0,-1.0,-1.0,0.05826046697416398,0.8133743992240179,-1.3930898192169698
-1.0,-0.3880396578304415,-1.0,-0.2162270463374545,-0.6671370433602837,-1.0,4.072931208907749
-1.0,-0.8080942165874958,-0.4229186075494029,-0.4524669618394496,1.0,1.0,4.426732407291901
0.22662668629167315,-0.41396605516637897,1.0,-0.7118106658389511,1.0,0.42050585025855697,-2.8279614046147494
-0.827050824407924,-0.43752814666139983,0.7004656039246978,-1.0,-0.5533821717272667,0.3792330790905376,-2.580775003216922
-1.0,-0.81959006689738,-1.0,-0.2732409467014796,-1.0,0.4743657172290336,-4.4322711191186634
-0.08774822213365989,0.34495762793440116,1.0,-0.35056884457564175,0.009835259622793302,1.0,-0.7742864136046742
-1.0,-0.45785511065016604,-0.42613418414908,-1.0,0.6309876922183667,0.1596889204960749,0.3255238400092626
-0.5870656225007,1.0,-0.14572246827758176,0.42709246380584615,-0.12242467915251898,1.0,2.0252470521984525
0.10433581119928548,-1.0,-0.5410799225689487,-1.0,-1.0,0.5736775520598475,5.087926700567513
-0.08723164949359186,-0.6263076166329364,0.20247579606894506,-1.0,-1.0,-0.27334098492708336,4.424762534901345
-1.0,-1.0,-0.21654440276027598,-0.6455195207400473,-1.0,-1.0,2.4959939013897987
-0.5757229466673562,1.0,0.6861464927535099,0.693340366715655,0.08848394543241045,0.4185027584093264,-2.448094512276323
-0.3296605576300562,0.46063714232943054,0.03702048017862192,-1.0,-1.0,0.14567670211663508,1.234243984909691
1.0,1.0,0.2121422638568693,0.5963224487005496,0.37022783064852316,1.0,1.3043914818522446
-1.0,-0.6815244323458125,-1.0,-0.39346601768604644,-0.7459523091806755,-1.0,3.2082378261996225
1.0,0.9660118719776478,-0.12855244594253107,0.011731888978304239,-0.3172171339102742,0.6185727530793388,2.6334334495749134
0.27515109626461975,1.0,1.0,0.8956497214058836,-1.0,-0.43204718790710417,-0.004701961187558612
0.650728978587472,0.647497009471931,-0.14660021388039712,0.18609382516436634,0.3992491272645696,-1.0,1.1966689458545634
0.5366085148722742,1.0,0.31632449817479913,-0.150722229527822,0.5930238205728983,-0.3753559480918838,-0.820604748640238
0.28007260016010793,0.030171753691641934,0.15966178339813297,0.28586896909413384,0.8038305410174335,0.8611381059509101,1.5949938312240444
-0.06135989745831816,-1.0,0.5054416575520149,-1.0,-1.0,-0.3118924499941489,7.719995909205042
-1.0,-1.0,-1.0,-1.0,1.0,0.7367463431678453,-5.746104896511158
-0.5671481963489117,-0.9483037385196394,-1.0,0.6193059245305612,-1.0,-0.5057544094726747,-3.800919444533062
0.6771402046890721,1.0,0.2771261849584222,-1.0,-0.32197695478959165,0.17241853917703515,1.51900251839744
0.16380633695575608,1.0,1.0,1.0,-0.6483523386408274,-0.7081824049953562,1.2392189119148935
1.0,-0.12753305847501425,0.11533491120233974,-0.9454918125928067,-1.0,1.0,10.362231175643423
1.0,0.4828605665221779,0.1835559254781815,0.40357357504673225,-0.5483823050302473,-0.562934348681459,4.229530321155419
1.0,0.5923102485531946,1.0,1.0,-0.11869578171358253,-0.7189949369298081,2.322009158528824
0.1547108081458427,-0.7330085575461014,-0.47424281818278347,-0.7606818359991485,-1.0,-0.9313924166344011,4.155135177232435
0.5536518133601322,-0.6155137853344437,0.6544532102886276,-0.30370163167093933,-1.0,-0.07840475310494355,3.327862257796384
-1.0,-1.0,-0.9706882992028005,-1.0,-1.0,0.3595210285328389,-2.7775540512489836
-0.6991836918661563,-1.0,-1.0,-0.21803159893432622,-1.0,-0.0531199875043491,-5.444397676178823
0.4566899583626641,0.1824892242889821,0.6182984204480693,0.14408838923924705,-0.27655301917318276,0.19147238691305285,-0.3324138734493146
-0.3150967455265929,-0.7264975023141432,0.06278579433228376,-0.3644651745183866,-0.37444643293850155,-0.7736884774801653,1.9572278208753768
-1.0,-0.8963214665236001,-1.0,-1.0,0.08057622791683516,1.0,-2.424694131811296
-0.7467815596347775,-1.0,-1.0,-1.0,0.8481421430293531,0.6307862313291956,-5.216137345420784
-0.028956160758338123,1.0,-0.17815672828453855,0.5156004356728232,-1.0,-0.5682800860036884,1.0423733656695615
1.0,1.0,1.0,-0.324956599868033,0.6989134869431916,0.3557810292305591,-4.418550010945851
1.0,0.6963381180700592,0.6771970767259157,0.6547200620742337,0.11126191021514031,-0.5415925920246988,0.8195171379579638
-0.6796206483682483,-1.0,0.8288258590541708,-0.9120555484823432,-1.0,-1.0,6.813932886691632
-0.7755789262435602,-1.0,-0.7549617496876703,-0.9850227782484253,-0.23784722626792,1.0,-1.1307174666524993
0.4711688524911285,-0.4316574744498392,-0.07583886257112415,-0.3254686049055327,-0.04362203585486135,-1.0,4.078571612804497
0.010543077683216606,0.5516859348526173,-0.21364712848251577,-1.0,0.3218178843095082,-1.0,0.7596518979611911
-0.20810591780341156,-0.8063274180928435,-0.7130594212738408,-0.2167517692757473,-1.0,0.1469541213787422,-0.6417593031341996
-1.0,-0.9775085690598715,0.07259374181460909,-0.7981869711971329,1.0,0.5826806654597161,1.0377614558287176
-0.09028224555920783,-0.22362477452395058,1.0,-1.0,0.09905283073312743,0.4326086392987496,-2.300527936766441
0.004156374861048584,0.22980746327880874,0.8190015077428119,1.0,0.269533575178349,0.28019464059113675,-1.4192650321746116
0.7418753298296039,0.12013756181569885,0.8154643054459652,-0.29303455718347343,0.7580935187824893,-0.7702448452629088,-1.1119977600790678
-0.4644519346179839,-1.0,-0.8340441293524377,-0.22827582463113677,1.0,0.13933459235536527,-2.245435209880996
-0.23957002026866733,-0.4859405371527288,0.20760800715145866,1.0,-0.7072101015546512,-0.029103856678232898,0.03934803923838903
-0.2951310046219292,0.569387808059626,0.5916336043299801,1.0,-0.160128353258154,0.9440168479524467,-1.1520182558046417
-1.0,-1.0,-0.18161563183574714,-0.13449598443248645,-0.02294545918392532,-0.4451031051272063,0.519435492075449
0.48936177996933583,0.24397112938162158,0.3949680684883279,0.8020855357150729,-0.9242101264910442,-0.6057999889256631,2.7121753959493953
-1.0,-1.0,-0.6166505297427464,-1.0,-1.0,-0.4233547710020892,1.836742377497945
0.6689771423730662,0.010477991341666382,1.0,1.0,-0.3517468817862039,1.0,-1.9386702026848006
-0.10964962054190429,-0.5963830325453076,-1.0,0.1070300951117657,-1.0,0.5526317043317425,0.46918974249243317
-0.18032095893475902,0.4651163554531264,0.5057337397249513,0.8343606560662867,0.6753802705739613,-0.17365301830641022,-0.5075984604533039
-1.0,-1.0,0.575830442142812,-1.0,0.10780258906888995,-1.0,6.314599834688284
1.0,0.07975085995103637,1.0,0.7448347400511359,0.15950694764392093,1.0,-2.672122127491917
0.8227325546473048,0.1892587720044605,0.12894425770254903,1.0,-0.40849312837437385,0.22292988329313396,1.128830454958379
0.2038730908190104,0.4925096514499372,0.7940141795600602,1.0,-0.6870587586801989,-1.0,3.9376583894389214
-0.677292297263961,0.15727376334184107,-0.6584015997897432,-0.7841640567032832,0.19251947483039067,-1.0,2.758783901888506
-0.9767929562783936,-1.0,0.3338398616827778,0.5384487301649884,1.0,-0.32909707638692426,2.915574698799724
-0.6231362865274249,-0.5905782105255151,-1.0,0.7881374463450317,-1.0,-1.0,-0.6361732273528646
-0.19106511871547305,-1.0,-0.05308088799554489,0.014945426723230515,0.6145303758904158,-0.09114466527657156,-0.10944545592286414
1.0,0.3647248445802498,1.0,0.31088233805114296,-0.4695928507916294,0.6855927487270349,-0.21526012761198876
0.3330794334317635,0.8116522353837786,-0.544524629821308,0.39026167558294034,0.3495677007448285,-1.0,2.0626295562110224
0.3752284169580525,0.3289063440441429,0.7656199078703714,0.9916824390847925,0.4741789383851974,-0.15580969149015111,-0.799329921137774
-0.12647412204377573,0.16555349515609008,0.24327294208026895,0.3123766867024974,1.0,1.0,4.454866174858759
0.03645312615048946,1.0,0.22335962301065115,0.1903002598310255,0.021259391198020006,-0.16197283243939953,-1.3539862016631217
-1.0,-0.512671245684044,-1.0,-0.5063388492470321,-0.11230737177233985,-1.0,6.23610496660734
-0.8674288736244709,-0.9375814112410794,-1.0,-0.41912197842692667,1.0,-1.0,3.174638599198799
-1.0,-0.24623820080040326,0.5810829021530368,0.623148518490788,0.4334774039624409,0.25922257469560384,-1.0499764440067325
-1.0,-1.0,-1.0,0.22949187975286683,0.3006574197478107,0.393020591485241,-3.1357852493620815
-0.1257328614602804,-1.0,-1.0,-0.5835470630733408,0.33392589444393783,1.0,2.1369587809805664
1.0,0.8721434668151622,1.0,0.5871761499739458,-0.8358353218708636,-0.6036220008146538,4.083117364928334
-0.8823411257322022,-0.7307002618317144,-1.0,-1.0,0.25547220319374403,0.12055286053882841,-4.711553211565341
0.40264034536307214,0.4346830309040522,0.6111888657446357,0.7244083712760552,1.0,1.0,0.7361303338946066
-0.6865772932040539,-1.0,-1.0,-0.6859470546763329,-0.528949546326889,-0.17685420597525042,-3.9895241368015837
-0.36378399226198244,-0.551495627082371,-1.0,-1.0,-0.46173833697039224,0.7160020054757626,1.0239414864362506
0.3144245834675741,0.30766302113757754,-1.0,-0.8392750047320108,1.0,1.0,5.827603244957798
-1.0,-1.0,-1.0,-1.0,-1.0,0.019592149424141614,-2.1621837918448055
-0.37819947880933036,-1.0,-0.19760070546637754,-0.191115043841378,1.0,0.22598152401181815,0.8725250163523444
0.043435603894663,-1.0,0.46317561277330493,-0.7878557076939096,1.0,-1.0,6.950452454849231
-0.20214857981944645,-0.8982211450215654,1.0,0.07892899585096158,-1.0,-1.0,3.402587827543369
0.4676352294207724,1.0,-0.3888755127391789,1.0,0.4956600998015519,-1.0,2.085938956574931
-0.8065908705600708,0.037548198401119004,-0.8932444694988076,-1.0,0.6957906431757989,1.0,6.881315251227274
1.0,1.0,0.6930909943505653,1.0,0.496190789369211,-1.0,0.7847870835074423
1.0,1.0,1.0,1.0,-0.6568602233523942,-0.023192518406703666,2.6292039748090876
-0.3082621273458268,-0.7650102992372371,1.0,-0.01863602400332698,-0.4402583559706834,0.7241796305715895,-1.5228313349571234
-1.0,-1.0,0.8835885231471257,-0.3671676469215366,-0.10330613073246397,-1.0,7.494798316994893
-0.08159703864718729,-0.13999977003924202,-0.7243366909926977,0.7654337990516117,0.6962057225402504,-0.0807154981737748,-0.5051738099015863
-0.0007243676204594651,-0.439104902286475,0.7371684024854703,1.0,-0.8331687025963432,-0.17305747060985965,0.12490907197288667
1.0,0.9338722145087047,0.6226065699784796,0.19949524400083551,0.9243209493588739,0.5575632780344745,-3.328820805867833
0.5355233086222749,-0.3974406851251133,-1.0,0.44222477802527815,-0.6668240580628637,-0.9453515978542738,2.525543486941852
1.0,-0.8846043626689997,-0.7662329107703445,-0.6614355505738463,1.0,1.0,-4.0706835559538845
0.15973625486683574,0.6882252812773926,1.0,1.0,0.14484139497977155,0.2843415031959807,-2.986432870278005
0.9913004391036881,1.0,1.0,0.5886052772698767,0.011285975801795916,0.035687247236839637,-1.6729064944868741
0.35896251528854006,0.6982816315843573,0.40141226374662153,0.6931014433765087,-0.49151376869563534,-0.9245612412291907,3.8117359646913735
0.5428279143417969,1.0,0.30752029501164824,0.903885303910442,1.0,-1.0,-0.06006288393567463
-0.10310789940108728,0.5119913963912621,1.0,-0.18921905277038442,-0.3988044209759766,-1.0,0.3423882245533308
0.28928941656407003,1.0,-0.0777487432215126,0.5496561501990626,0.2820834533274642,-0.008837455569050023,-0.47633455306166417
1.0,1.0,-1.0,0.03541996384498969,0.9351086941770157,1.0,4.493531277776333
0.3565788190053352,-0.38442285219789385,0.594618980949754,0.2425305175383996,-0.24550452579720833,-0.9022704188267872,3.3276827402852147
0.8793256340521882,0.8038831890378215,1.0,1.0,-1.0,-1.0,7.708565054359032
1.0,1.0,-0.18835431142832626,0.5099371532169774,0.33193581620953494,-0.6264339306031732,0.8460731181849173
1.0,0.8132363978275126,1.0,1.0,1.0,0.3794157890827501,-7.82060509557707
-0.30570071771967966,-1.0,-0.32749219441734856,0.5568335501899522,-0.08088613590644955,-1.0,1.9255136565755933
1.0,0.3924523195155669,0.4500231500094385,1.0,-1.0,-1.0,9.486561361122536
0.6150460163302672,0.5642773043652219,0.12239532826200261,0.7788352069644735,-1.0,0.5943312691092368,3.300983872619677
0.9781849412020325,0.8204200361489953,0.3318501805116951,0.3787157110414192,0.9870904861882603,-0.05888593246853735,-2.573274480200918
0.4605527895159146,-0.1015170846780485,-0.41804303942406634,0.18956015187118808,-0.23699421034636325,0.12337754105525534,0.6057571222277307
-1.0,-0.8325201011355192,-0.19910485237284625,-0.8163395686674269,0.3865178453023078,-0.015120389067631135,0.1854518216564165
-0.5366503659280567,0.18319647839664913,1.0,0.36630806736230553,-0.3413469549726942,-1.0,2.4228637774343698
0.3446230709077588,-0.3783526273560169,0.11890565139192416,0.0877976276087124,1.0,-1.0,1.0915158456301681
-0.27811354859689996,-1.0,-1.0,-1.0,-0.49327596017338504,1.0,2.3833799128695397
1.0,0.18069931877502865,-0.09136865576416314,0.46032016469972,0.281651585795631,0.6085707309993185,-0.8019556034019084
0.2555550840013111,0.44696534785192393,-0.26590416849228615,-0.4726367595139841,1.0,0.6431368933026245,2.1813852712985904
1.0,0.7761523509460628,1.0,0.9626827346501785,0.4266603149468796,-0.019122586550934774,-5.110177840031428
-1.0,-0.8322467357626507,-0.30133397398597905,1.0,0.7177816465465906,-0.4057329617062996,0.21492982401443989
1.0,1.0,1.0,0.7114679991161594,0.7322198483896641,1.0,-9.465967891404784
0.6233988856273718,1.0,0.7970117293070127,1.0,0.5631182059596324,-0.42805187059093175,-3.4432638133774027
-1.0,-0.2831128939110359,-0.2940716092025195,-0.020921099321516756,-1.0,-1.0,-0.618037907502033
-0.8915686171042583,-1.0,-0.3527982555212712,-1.0,-0.6170070780046775,-0.9922063697898559,3.2976417579315496
-0.47474502655235856,0.6817523086338291,0.8161843765015295,-1.0,-0.21321860156435007,-1.0,-2.0721062311905962
-0.9319500681259562,0.4188234723154006,0.26727862449805373,-0.6688605900286948,-1.0,-1.0,-2.210095098153505
-0.747606355274739,0.9299185083038163,1.0,1.0,-0.13527859523411423,-0.13044616659334138,-4.875809614556711
0.006340832840777355,-0.8026454153933662,0.03515130166558619,-0.647635830181594,0.3499279356771361,-0.9376253990611585,4.217635085148004
1.0,-0.023733626698659305,0.045639395530889526,0.2317850857762085,-0.34351828321920397,1.0,3.8850081002433794
-0.011746899013145164,-0.12855035923985159,0.049056339405644245,-0.8384539529198448,-0.7819528807792135,-0.08619974950480513,1.0611688363677112
-0.2052153601599162,0.0665636930967799,0.7952689264765479,-0.23928790374463538,-0.8460385702476589,-0.7261162977547144,1.063060452418889
0.3594792286699052,-1.0,0.8216044655594886,-1.0,-0.2688847232816909,-0.575696640111246,5.678481907679485
0.5091786293964327,1.0,0.3552211641130554,1.0,0.7528880180154881,0.9320070543141658,-0.9134088040755065
1.0,0.5970787632175705,0.41804325238802886,1.0,1.0,-0.009552764333105146,-2.8084060116957437
1.0,1.0,1.0,1.0,1.0,1.0,-10.174766900093502
-0.49666739438645524,-1.0,-0.029683881966525494,-0.19724279333344535,0.44160459286030174,1.0,1.3376722346138148
-1.0,0.016427676365115107,-1.0,-0.4372280201429364,1.0,-0.28853339257009114,-1.2135207882800634
-0.08100784368847702,-1.0,0.47680522840684836,-1.0,-1.0,0.014059478994197239,5.866406073401048
0.5466612357820597,-0.8354288033311932,0.2041368464963374,-0.280064713523534,-1.0,-0.9239478914581645,7.25566990980433
0.8658970657033261,0.8241709343877419,-0.6812998893255164,0.5220321884699599,-0.15083055949227409,0.24712659951722982,2.0321534783120843
-0.2781645775270529,-0.5811074392374174,-1.0,0.46984872820450724,-0.24702114593555335,-0.3803766865861796,-1.836925229320346
-1.0,-1.0,-0.6628930246731797,-1.0,1.0,0.09123302065913874,-2.697996168180842
-1.0,-1.0,-1.0,-1.0,-0.4611567684045916,1.0,-1.1393993310349335
-1.0,-0.9992659088408338,-0.8559083880438796,-0.5331542585583277,1.0,1.0,2.0299181481120008
-0.3154153546595433,-0.9880597610034787,-0.6978761219729579,-1.0,0.11717295282136864,0.6560703574178787,-2.841621413201264
-1.0,0.7597734494621085,0.6730311605448587,-0.9431076074568159,-0.8211367076823026,-0.011223209054272099,-0.7902705624439466
1.0,0.16210258373526953,0.7912795568394937,0.5953816090697333,0.607801449628711,-0.6274681573199243,-0.1103706812420705
-1.0,-1.0,-0.9198348025932923,-1.0,-1.0,0.14310287162831686,-2.489465882594853
0.7976856714611142,1.0,0.34657535570864484,0.9326519146322394,0.7659135941306834,-0.19678863461352458,-2.663603031393634
-1.0,-0.6712448059601239,-0.8213538969451386,-0.6058584031249735,-0.11054853300919087,-1.0,5.568327239704108
-0.23618623973628922,1.0,-0.3512476004949457,-0.09371248759231232,-1.0,-0.48185934942116404,-0.37516385010678194
-0.9404275136734217,-1.0,-1.0,-1.0,0.42921380476583326,-0.4356980693640666,-5.255226835557967
0.1595093663006637,-0.2108460202316631,-0.03706904271971634,0.05853021796160002,-0.9521442719405343,0.9720706312484685,3.167252841302167
1.0,0.4080747742940227,1.0,1.0,0.36333942314006074,1.0,-5.665884753545751
1.0,1.0,1.0,0.40808827666441827,0.3363719055558724,1.0,-4.977177392662053
-1.0,-1.0,0.5888968814409996,0.4863494084170655,-0.3181025985721244,-1.0,3.708941275065406
-0.7636843865489911,0.38572141529434495,-0.025093080582230365,0.20982066697082757,1.0,0.5089218087770702,2.9005285131637804
-1.0,-1.0,-0.5352150670447422,-1.0,0.4297803638068701,0.15446834278284577,-3.0343418855166937
0.6974272737434162,1.0,0.35043768936705844,1.0,-0.7290279293737746,0.8424034947084899,3.447620233628955
-0.4828141946921112,-0.015079540245166112,-0.7471441800796956,-1.0,-1.0,-0.16720110554535528,-0.20079347391212185
0.9674139126484771,1.0,0.36061537723639114,0.8176691102922988,-0.8356123079771802,-0.2539346283786772,4.365904787424979
0.5307611703059795,0.8251792186449627,-0.48238338777152157,-0.6586621024424317,0.16227569895576466,-0.382483334295452,0.30064499796099153
1.0,0.7700596319989106,1.0,1.0,-1.0,0.2916846511407364,3.708157117068352
-0.0247605815217532,0.10246054721269549,0.16741442306647916,0.050678403468319526,-0.6736200009939723,-0.6388886220837295,1.2248761301323303
0.41773183826771465,-0.4023017355699794,0.056843455548405496,0.9836672575308925,1.0,0.0286214338841273,-1.6194696693460793
-0.291512495980234,-0.7341748549219191,-1.0,0.1347243566765649,-0.08244209490415766,-0.009144038606227145,-1.518960539949635
1.0,1.0,1.0,1.0,0.4050681153712363,0.9778488817203128,-7.049947268000796
0.5215023389048363,0.7709813597345119,0.5574984561378155,1.0,-0.4816655921438354,-0.2346006547020899,0.2060134130062088
-0.5263130820358815,-1.0,0.5906293395706832,-0.5836262965240687,0.2808332409637975,-1.0,8.08514109063006
-1.0,-0.45107745797949156,-1.0,-0.5479682814459801,-0.5540552642431149,1.0,5.383049771945304
-0.44327308638425256,1.0,1.0,-0.05789638619596538,-0.0203998401476857,0.9775298016054216,-2.4798180317500216
-1.0,-0.4132265520051759,-0.10809019746368942,-1.0,0.49649198388501004,0.4342636643679829,-0.02471108581027892
-0.006070808259389687,-1.0,-0.4376557240761071,-1.0,0.28783527305137946,0.13309638167370874,-1.1752503542817387
-1.0,-0.33682126885033403,0.17103884553912996,-0.0514437794932332,1.0,0.37117549242854464,2.763845192425925
-1.0,-1.0,-1.0,-0.6851367439538967,1.0,0.9427548978724662,-0.837905993003163
-1.0,0.31966898982434844,-0.7835765798242055,-0.2845321360491946,0.37405593389571173,-0.9232173595125382,5.033186822711655
-0.2499245393719619,0.40827743854590604,-0.8402089729150446,-0.8811685055542725,0.9662908030934574,-0.7650010817398808,2.2923693003218784
0.04794782536301956,-0.3420965548405981,-0.8738850100125929,-0.1743395330110104,0.15927525598895384,-0.6361394870240713,0.6317886669022926
-0.2767575058455722,-0.233094772087091,-1.0,-1.0,-0.17541772508228737,-0.33637570239265546,-0.9804495780140102
-0.011336582454587463,-0.4030290691676335,0.9053056559849161,0.3214937060958697,0.29982032085670607,0.6173820481338501,-0.1429564710852841
0.007281477380005286,-0.3919877705662722,-0.8725851511081497,-0.3630858537875383,0.32677009046025757,-0.3029054245137447,-0.4940465285630177
0.11689654709501075,0.17626065145251557,0.8829869752462217,-0.10221403452583211,-1.0,-0.4578749483030637,0.3687240527233205
0.019055016166714067,1.0,-1.0,1.0,0.18444449958346198,-0.7695711712173461,2.384030198918279
-0.14670001478670658,0.1517690547459411,0.8401150210854932,-0.22335068410756703,0.30670256712453725,-1.0,3.0432835229169375
-1.0,-0.06190272091032767,0.5937971792274362,0.19283724570457494,0.06603463356131914,0.9293320998503944,-0.5195521088861705
-1.0,-1.0,-0.8117209109220043,-0.9434480951389954,0.22237012712869264,1.0,-2.9229613086098345
-0.07590825892404518,0.2152633847143488,-0.21387666948370931,-1.0,1.0,1.0,6.177140155668237
-0.8193787409808597,-0.09510520409336676,-1.0,-0.2796561874985876,-0.6206143347032964,-0.9914478752234848,2.604758966206383
-0.19734662176103268,0.2656854920330131,0.5218617158924301,1.0,-1.0,-0.24873375941420317,0.002079540690611309
1.0,0.0040416209066107545,1.0,0.9291512044787396,0.34893592575060717,-0.2771161756115129,-1.4544911600005732
0.8108522196326513,0.06334455726458499,0.7942313616126753,0.09832816336306882,-1.0,-0.6667712693410588,4.873964264946636
1.0,1.0,0.5877220522260365,0.6491682911492305,-1.0,-0.6719129894873599,6.72712788808518
0.3307583913430252,0.15694519933715384,-0.7117745611115041,-0.6195611073267384,0.4196668668670094,1.0,4.349390057527315
0.13658816149990094,-0.4369509986947087,-0.4492993538838589,-0.21340931096715487,0.7238312122583241,-0.8894271042114815,2.032154041604717
1.0,-0.28999617406067335,1.0,1.0,-1.0,-0.7342744559917312,7.076397109814612
0.967913559611692,0.04181270339016285,-0.18930787191552517,1.0,-0.5835910555368681,1.0,5.286795457962418
-0.5955834984175232,-0.4955987875771066,0.07511973236457586,-0.05198016527924071,-1.0,-1.0,0.30618573945377725
-0.16185217124728024,0.5865788182545706,0.07581950461621728,-0.5468862216018041,-0.9705823303753582,0.2991603405089598,0.9198297467265373
0.23590082318498123,1.0,1.0,0.5210389232140127,-0.6731311910181371,0.07950289124618204,-2.069954172004655
0.28397849383616336,1.0,0.8496696256391123,1.0,-1.0,-0.9278049757401573,2.9659608889257014
1.0,1.0,0.39850480539174604,0.3299480007248361,1.0,1.0,-0.08801816128257395
0.6237264385418395,-0.9293193474656105,-0.7366091977636848,-0.9244355933732887,1.0,1.0,-2.623761381339614
0.3911148813310676,0.6207280742102629,0.4693862787605648,-0.49148856786265244,0.3666587233431804,0.5904221626463315,0.1772050800393203
-1.0,-1.0,-0.10584844220642253,-0.3658030341198486,-0.5278742009813957,-0.47168510184542,1.0546820870510607
0.40857131293773996,0.6813737656236956,0.2977239353136988,0.9872785761933688,0.8992496545259964,-1.0,0.7479879396421977
-0.23049041445075608,-0.6763116000362264,1.0,-0.6093125334691327,1.0,-0.5138355536121727,1.7936449267352654
1.0,1.0,1.0,0.7463078194622395,-0.09296567964565663,-0.6254329847684257,0.7770734358817194
0.37201120744308747,1.0,-0.779808800669984,0.43034318877044286,-0.7596410135355105,-0.5855387760798185,2.658591846309615
0.9857094986321675,-0.6384049247566129,-0.35095225251537165,-0.4981212434634757,-1.0,-1.0,8.881776656962813
0.46088067403001154,0.6936533441190654,0.27863981655564296,0.7997494714014645,-1.0,-0.5234465580784795,3.1534294317883047
-1.0,-1.0,-0.8845129767490201,-1.0,-0.1260043390907291,1.0,-2.957444475933442
1.0,0.13666030892541214,1.0,1.0,-0.4463769706956106,0.419670743907996,0.4004046825626805
0.09403189302067438,0.22486297438877428,-0.8529905007042304,0.7129405557315651,-0.5680806168608901,0.8750367961569356,4.023253738405498
0.9964700594001791,0.8635724781279783,0.3957622176389196,1.0,-0.9295852028963056,-0.47588229714920294,6.724274372772708
0.8982072983335279,0.8984498848097989,0.8551291177184175,0.9292494100411545,0.03671121971657476,0.2132745817901324,-1.6962813519390343
1.0,1.0,0.4430811688402856,0.7692221973175115,-0.11070657362616718,0.48002788247834877,0.12294717980972325
0.8483676319810888,-0.17205279780494176,-0.03894834737216847,0.5644342648693443,1.0,0.06063377219293686,-1.978774902653841
-0.5167838118440111,0.14285973210715405,0.44007250837428824,0.852958405296842,0.1303576753749146,0.29007558807315714,-0.3159238692709678
-1.0,-0.43713243670734775,-0.16982399255584912,-1.0,-0.3897977847399894,0.3930971033354713,-1.2711512269984562
-1.0,-1.0,-0.8463604456909306,0.6293096352394079,0.875016019472531,-0.4111881741502732,-3.5502367873285214
-0.6847595658286056,0.7329304157146821,-0.7199456323109705,-0.8385727491957367,-0.08497638528225016,-1.0,2.374077991275353
0.2734270719881249,0.18596092313048396,1.0,0.36630210514294337,1.0,0.3678530520151746,-2.3041572098051297
1.0,-0.14582872401988267,1.0,0.17834157084689883,-0.4040445914193715,0.843872985375533,-0.27369022658721087
1.0,1.0,1.0,1.0,-0.25927635293772844,-0.20949953480577754,0.08031893605160315
-0.5686753145981744,-0.39859002979368185,-0.9373548062335175,0.042228283682613416,0.14942731943375237,0.5733877699206676,2.66799109652596
1.0,0.47748554664830234,0.13769434217389712,0.3216860165225576,0.2451698094679302,-0.9791776264112559,3.5158242000627786
-0.14664355694246,-1.0,-0.5786751250367369,-1.0,-1.0,-1.0,7.447696219876214
1.0,1.0,0.7578256504228476,0.2916691751642986,1.0,-0.944309566909182,-2.946831739030072
-0.44641742612545066,-0.6417858746691729,-0.0894501390774789,-1.0,-1.0,1.0,4.667503100154254
0.09408613583913594,0.39892967290630776,0.9373072370663291,-0.8998485685236479,0.6305676365998449,0.20095810767587885,-1.3797177089602222
-0.8502290875781398,-1.0,-0.471053583711684,-1.0,-0.03163198206829276,0.008295571392361145,-2.684858920483013
-1.0,-0.4721568273632757,-1.0,-0.06288861859968653,0.2437785981446906,-0.17858090189919273,-2.1132133007467786
-1.0,-0.28123229550966955,-1.0,-1.0,-0.6875977479438246,0.500154643249821,-1.0864246216150126
-0.35794521578183147,-1.0,0.14322283819297596,0.5022160640544941,-1.0,-1.0,3.548726647744176
-0.9970913241879302,-0.4672140091495487,-0.2733178884901751,0.08636188243586407,-0.35254957753526384,-0.7186136859742293,0.37580450732815257
-0.8637403208183121,-0.26120360017894195,-1.0,-1.0,0.08182362063938564,-0.982805409528277,5.019671924354163
-0.9853292292011184,-0.31552637064091127,-1.0,-0.9860470258684995,0.34797344386083773,0.479681295649087,-1.364649367196709
-1.0,-0.11880512773888863,0.2014786918490078,-1.0,-0.6610828002184702,0.4212396544361051,-1.8159890067029605
-0.7028405090956676,-0.931499998706864,-0.2711044488848231,-1.0,-1.0,-0.9864394660726139,5.641997020980042
0.4868416702571301,0.2922471889021798,0.20105053957812902,1.0,1.0,1.0,2.865909772716224
0.9692046862395269,0.7862626398599941,0.469066292786129,0.19716518553963125,0.9779371591614543,0.3220676557528235,-3.7416292417186723
-0.4578032924012981,-0.5601124272571189,0.6427085172732121,0.38030267862377887,-0.8532497387178337,-1.0,1.399884606132086
0.3967780193184205,0.005910191322377134,-0.4390847239281832,-0.9150830647048951,-0.1582214964059849,0.15015495301707782,0.11692934283988524
-0.4858394128291609,-0.5750155064023643,-0.5846262662518011,-0.43194467925503566,0.6589174398529087,1.0,4.3565784304655875
0.4183107763909848,0.3704272099042327,-0.12227956311823962,0.7028279764417504,1.0,1.0,3.5397623219370415
0.1676133742690215,-0.3951321934283361,-0.5360907799180592,0.7149270908478766,-0.2855915762167001,0.6565632482287217,2.187899062269464
0.9242218631379517,0.21864316416221063,0.4819884588745352,1.0,0.07295805570615255,-0.8618554616058903,3.5405123628293547
0.5658712824620126,1.0,0.28015286560679253,-0.08399368190653844,0.5124020897964441,0.3176375752069216,0.09924453069761019
0.1870398983511736,0.5500837208055476,-0.16939508657103935,-0.053070719962245994,1.0,0.14578588389487318,-0.2875948655639623
-0.32521518979246056,0.6000007815048591,-0.29173049974965704,0.880655265848137,0.5671218718880586,-0.19664831991359943,0.5898731234696956
-0.047401886786037795,-0.5924373509072554,0.8665322029833618,1.0,-0.8875445360190188,-0.6170698710082991,1.1889614355119322
0.32264537594741816,-0.44033618404008223,0.9266012051121888,0.22924706875472836,-0.641138559453627,1.0,-0.1797401252906085
-1.0,0.00632489741941189,-0.1948277198034034,-0.6035220316416428,1.0,1.0,5.96257464288425
-1.0,-0.04564647552749926,1.0,0.01647642680036554,0.9333078594236386,-0.13660000754133905,-0.406349168847684
-0.4085817483492132,-0.1427194011572832,-1.0,-0.5074391496136902,0.04058259107132345,0.5137113352001261,1.3463475912319303
1.0,0.3399323935040106,1.0,1.0,1.0,0.28604885135867775,-7.043054456763901
0.7641653515807285,0.9681561675668635,0.42217658923736434,-0.09284030030693724,-0.028140267013189377,0.5841873044286751,0.5655360229332862
1.0,1.0,0.5643277404834935,-1.0,0.8951828805234634,0.06000036300481382,-1.9488021122752381
-0.25065349898272765,0.031344071735043944,-0.9869172477919289,-1.0,0.9750916534297489,-0.4098445976495051,-0.16355239754628254
-0.07026649635503521,0.36090240038798843,1.0,0.8998126481302495,1.0,1.0,-1.2542636858102625
-0.4928968804168584,0.4154641681279103,-1.0,-0.0020628274192391396,-0.4974883249055506,-0.2465544193313406,0.16960281818643375
0.03111099246198279,1.0,1.0,0.5089527750169898,-0.11755634292823969,-1.0,-0.14927288277326842
-0.025589081868513164,0.2630860562423942,-0.13182901626450072,0.03263871318458461,0.11016251566435575,0.5936072968520141,0.7485962650994631
0.5215250631947532,0.22336603468816474,-0.21722250967013695,-0.5161910877130862,0.2553312012865918,-0.19757478826561825,-0.5070372885757513
1.0,0.04459115985740619,-0.2978965105119414,1.0,1.0,0.9310294173122504,0.9164510506458325
1.0,1.0,0.6118805981023754,1.0,-0.9250568849927842,0.04194196151016305,4.127433802891501
-0.33593345556884524,-0.6346845017322496,0.8938946642844252,0.3616001798478624,-0.1025009627219271,-1.0,3.9573288965464055
1.0,1.0,-0.48712512930164503,0.6808101661591424,-0.05306667823137001,0.44742680327039674,2.142902679110948
0.7703483480275206,1.0,0.05576352226151671,0.08156154160870732,1.0,1.0,2.5281701370679306
1.0,0.22029576379961763,0.3138389375123327,-0.43599419009881724,-0.5550547600208451,0.9109129234593043,4.208321581015398
-0.6585623823926856,-0.5191405334360473,-0.13295879695847024,-0.33066864541741436,-1.0,-0.945022544259268,0.7374010735056631
0.05439349090483048,1.0,0.6317047431049991,0.24912389742224894,0.34723116621226935,1.0,-0.44356230830291465
0.32368801066387554,-0.80114140151301,-0.8885366204800078,-1.0,-0.04531013670739298,-1.0,3.145286265039833
1.0,0.6343012152898864,1.0,0.7436814519417717,-1.0,-0.7566814382470639,6.446725892679468
1.0,0.8895726503809716,1.0,0.2783405140479963,0.23297413903859487,-1.0,0.48918381842063996
0.32543856691034057,0.7863559655321868,0.3190868466129302,0.7903667899696978,1.0,0.11894632481785172,-1.2253480318435508
0.3543129170412878,-0.723052513118187,-1.0,-1.0,-0.13753818257048334,0.6314554076084026,0.5378277307780021
0.5018474927548431,-0.9560399630596779,1.0,0.3534821944929792,-0.03401036114993394,-0.9488309113187174,4.5565727953789805
0.34898255644186005,-0.5797073748980464,1.0,1.0,-0.7829235256200939,0.5198901799199674,-0.07536586330708872
1.0,-0.2426925572713201,-0.07027628515286677,-0.7178993741795298,0.8953397863336945,0.4262328879437223,-2.2644801214281296
0.15551077248282386,-1.0,0.16093873052355911,0.15755376340099275,0.7948368721741197,1.0,2.9661795265619713
-0.3057234804691251,-0.17979016521388302,-0.8405285206051328,0.023017902697913484,-1.0,-1.0,0.8407046733142416
-0.2141255396245081,-0.9606766069161794,0.439080847058937,-0.22394984312648597,0.03633665704877065,1.0,1.0122139346974754
-0.1063429388069087,-0.7531344930215751,-0.8190799914264351,0.27606695139761533,0.22853802031043502,-0.2563920499263483,-1.3630023187623352
-1.0,-1.0,-1.0,-1.0,-1.0,-1.0,5.819475639624965
-0.31495863547793285,0.9948304476182923,-0.49291347809696817,-0.24356854847239368,-0.20971115684735253,-0.4538290595654615,0.9795632840762551
0.6077643064806306,-0.30874638028547147,-0.0996336707178821,-0.4061570015128196,1.0,1.0,0.8229844264370687
-0.6310038314547755,0.20459747303000508,-0.547820740954633,-1.0,-0.12496815661587107,-0.08523928356805983,0.3520518702294675
0.5512701858689757,-1.0,1.0,-0.20283416867171913,0.6187029674216977,-0.176040886022175,1.9141809936676566
0.8357193838619769,-0.42123618794957796,0.38265931864495384,-0.5904826394939713,-1.0,-1.0,8.096140885792757
0.8775258638429052,1.0,-0.5851499464366196,-1.0,-0.4403389667385833,-1.0,3.6047820430339774
1.0,0.34328324541100136,0.9394531912613374,-0.40014631803170814,0.1835973704624726,0.1548436415446514,-1.3618791406558166
-0.7516780175071981,-0.3411826233327228,-1.0,0.21142855753558507,0.006653027575491466,0.20010139540809557,-0.2530850740907441
-0.11933701391212037,-0.5433333435548479,-0.18144641627684788,-0.02951539399105643,0.7386773216989597,-0.006233073324188321,-0.13226078741510916
0.6297393918133798,0.36985051000412505,-0.5979493876021242,0.9647532911723316,-1.0,-1.0,6.254409889407863
0.21802952491684618,0.2907848013981953,-0.8243375091702011,-0.9971801644079726,0.33688628047424973,0.4955446667459087,1.3743755470046835
0.8536686634154302,0.7746852744756971,-0.25586548276514975,0.5997754074253414,-0.1394360519129417,-0.37770519376540757,2.059328184238876
-0.03847584035599938,-1.0,-0.05845495004011492,-0.644541190542044,-0.814607043476779,0.31060449992710243,0.6936217278437752
0.026424342567109543,-0.16688659646569515,1.0,0.8401646583059688,0.24829624201832456,0.9775383416107113,-2.0784843948664586
-0.3168540547103349,1.0,1.0,0.12600046133733378,0.9024529416330895,-0.013312031553773696,-1.9067877384287293
0.740409292172995,1.0,1.0,1.0,0.5673367748611511,0.9242284764372333,-7.742080174005271
0.5202102648490444,-0.8088838553982254,1.0,-1.0,0.15935916460631794,0.6263984520126713,-2.4269151010276824
-0.1145462811453064,-0.47827083351060784,-0.7678058172305877,-1.0,-0.051255105401956214,0.8930250250583565,2.1256347441665935
0.48481514167176104,0.5961465538485796,-0.24553142016320384,0.6687201018919143,-0.6922674603372991,-0.8272327593034237,3.274997724728815
-1.0,-1.0,-1.0,-0.0006601565943908927,0.0033564611532463373,-0.3721082563104774,-3.305274779331025
-0.8701612577645284,0.5172932408039109,0.5110190464777362,1.0,-0.407726301060251,-0.30942653895091143,-1.3675416380533452
-0.3828472414731196,1.0,-0.7820651770667287,0.5429907957659912,-0.11229128770828944,0.9643121418271743,7.553845693498569
-0.31914917432239004,0.10615680092212865,-0.14793789453021505,-0.6085450664302792,0.9648971895587196,-1.0,2.9246602450472703
-1.0,-1.0,-0.8543129577608779,-0.33786568010890566,-0.46315576710553424,-0.24142741810362356,-3.896468203235774
0.07201325001942394,-0.19627086359035484,0.010512312955028469,0.538839566120289,0.6967182165887911,0.31621632036691283,0.6164413211801238
-1.0,-1.0,0.05075595671297317,-1.0,1.0,-0.5823218714055547,5.895157339044128
-0.5412625737446974,-0.5151363873538897,1.0,1.0,-1.0,-0.1717577520797247,-1.4807184080424558
-0.2973687163174309,-1.0,0.06642996493288672,-1.0,1.0,0.3765974888391129,0.20913194285417624
1.0,0.7527612138716305,0.11647470328844986,-0.13305773838069823,-0.2086734810188003,1.0,3.671204486245565
-1.0,-0.7597071514303289,0.24933962509777507,-0.3897094089383186,-0.5017504235475028,1.0,-2.636024096238544
0.16770554868353754,0.9221843049771185,-0.7297617743011299,0.8715887994001886,0.8895845326647543,0.3923392573114478,0.48020718425762154
0.44299375204867225,0.46442867681706157,0.8091740706133559,0.42478708002674703,1.0,0.11943090095955655,-1.4969423685433005
-0.7409239904767758,-0.07073818427915685,-1.0,0.20985575720769156,-0.2587021318837841,-0.26607075707558075,-2.3141039953501137
0.6850411308412989,0.6736596213587462,0.8299077740954883,1.0,0.31259223756799626,-0.47470538800620177,0.5291291574075468
0.33280487828964433,-0.9020403317832795,0.777845872050404,-0.15184811839910217,-0.6987545353975063,0.15019482691256258,2.394467852773565
0.9335303684355716,0.09433412654563744,1.0,1.0,-0.24159683195025505,1.0,-2.3121236402000616
-0.23795770993748444,-0.3390682419795479,0.06479103829977834,-0.3246347179418574,0.2545094636341193,0.20473060514371397,0.21666486040719513
0.9639942823493107,0.24537806387977523,0.6792260109972248,0.9483616696398736,-1.0,-1.0,8.786168351102733
0.6809043866494325,0.7845562793320977,0.020153563739304325,-0.6368227767794332,0.3904337379628104,0.5762522636468319,1.5685520312341112
0.06387578617935238,-0.5478076964475744,0.5300896753893979,-0.8108470160351658,-0.30337542289314184,1.0,0.47965245152087843
1.0,0.3298459239757954,1.0,1.0,0.9841972882923049,1.0,-6.919318577338147
-0.8727593931331157,-0.1876558345425674,-0.3383921241467205,-1.0,1.0,0.796279820700845,5.730510239691178
-1.0,-0.7135890852824602,-0.23551680639299116,-1.0,-1.0,-0.48563352802806836,2.475701846163548
-1.0,-0.5781701046191785,-0.39273809274363514,-0.7949320152781304,-1.0,-0.4825387999493046,-0.16111733115189453
0.8544504149455123,0.2406639885065015,0.40630269470909164,-0.06903956971818025,0.7106626756583785,-0.45279715605964926,0.20108751267276403
0.727443231604987,-0.6398065238065888,1.0,-0.8489533933656688,0.9632634252751373,-0.3778589120738781,-2.3275328599946987
0.1440296677379398,-0.27144369220950215,0.35759379171671213,1.0,-0.574897971294174,0.759559198398422,1.3826600918143623
0.9521525804153993,-0.3892390976066144,-0.7600353466979427,0.20159126817391954,1.0,0.2065024599228671,-2.5479812255540892
-0.12722442654189575,0.5106786540641182,-0.7729064353077346,-0.5721719121666009,-1.0,0.4580657397623171,2.2441362275942045
0.01829263540153958,-0.4438882814337678,-0.225124851821078,1.0,-0.36277407724113375,-0.6272438784578296,0.4454689425612046
-0.39250295273093383,-0.5740802931172411,-0.6175866301122288,0.9964717456352218,-0.23780169095856074,1.0,4.836421363892333
-0.4113258081518145,-1.0,-0.8215431656480503,-0.4155951544159098,0.43208351179004645,-0.8916059603279266,2.080017659519861
-0.459669612071702,-0.49555864474505923,-1.0,0.25030665564168586,1.0,1.0,8.374265990815998
-0.5894689799265351,1.0,0.9035126786686986,0.44773163381926384,0.11578348961745155,-0.7951649383298947,-0.8374726111144566
0.2564727694083255,1.0,-0.24853225570953796,-0.5374489172927751,-0.11699376992022392,0.4226252323685348,2.61551953469192
0.14903307839601038,-0.6350978231467774,-0.21031438613053094,0.510330655236478,0.3032221135646306,0.011049216552402596,-0.7470334369346605
-1.0,-0.6553561219761239,-1.0,-0.8241347173663813,0.3055347869636774,0.07756964780941031,-3.1115278031866684
0.7403434113634876,0.741415026983612,0.9360733162433905,0.6057575733583198,0.09670013050224169,0.5288904029078567,-2.3098857763240876
0.4250736214368622,1.0,0.4341454222929614,0.15686062243421373,0.9850534742780129,0.5493543244071987,-0.04162962468875475
-1.0,-1.0,0.25183839236901256,-0.5864119311461511,-0.43166809246704263,-0.8226630255070155,3.7450616532290644
0.5712381375642241,-0.42215226498176267,0.12417432165786857,-0.9846472600707461,-0.831640891496082,-0.13855799463040408,3.1253509958879904
-0.26253876756829964,0.7569101427565319,0.15427224353728075,1.0,-0.580148652757867,0.031311580478414314,0.7456581214364272
-1.0,-0.05029440924206674,-0.8021131626436856,-0.992512558213003,-1.0,0.7713266778051342,1.458411829526375
-0.10188599319022051,-0.48383070359589514,-0.06721944719717604,-1.0,-0.94022857717398,-0.7015078380782679,3.886032913896709
1.0,0.06641965670916977,0.483623158126541,0.662608519355238,1.0,-0.1993871824025802,-2.1081930074163693
0.8089049924446632,0.16172797447227855,1.0,0.20171058477457102,1.0,-0.19251414675151812,-2.3890673302231114
-1.0,-0.7957487538264467,-1.0,-0.4223499343515454,-0.9465783535267429,-0.5681273437064924,-1.2140247199673848
-1.0,-1.0,-0.22128561202133235,-0.44382356797829337,0.9131207133449033,1.0,2.82591947098903
0.6222775508518742,0.9695838705221447,0.6469083990340598,1.0,0.4081623559873955,1.0,-1.9509139259389956
-0.7177083785506303,0.1208054278094921,-0.28735475466854155,-0.4492070210592931,0.9534028583512907,0.06490278945113426,2.756997191241842
-0.2464581796355269,-0.3593953374020689,0.1750813530353449,0.31711844023848923,1.0,1.0,4.000390159910239
0.864556034236023,0.15558917003670059,-0.2746331707050206,0.10093465324415785,-1.0,-1.0,5.615330186255626
0.12949484977925407,0.9531279977468861,0.8370211417321465,0.5149945669539868,-0.3941523080387255,-0.6557307411958868,0.27922218339383864
-0.0765032480563117,-0.7101967675905139,-1.0,-1.0,0.6582136246742212,0.4662551388615688,-1.782916715265345
-1.0,-1.0,-1.0,-0.11336291078497829,-0.787433445531105,0.07446392062239249,-5.820240175892009
0.5714002439991523,0.3208358253118876,1.0,0.21783514980944949,-0.4592404506845359,-0.6857894977043796,2.162364794808339
0.22244382849497923,0.14887296248634296,1.0,1.0,0.23411628870351806,0.42565693711150543,-2.903854068646667
0.3367732198908988,-0.16502279484179283,-0.5883967104488372,-0.1380619003607134,1.0,0.1485488584903205,-1.3384283228057534
0.630592473981558,0.15254734347795218,-0.8846608687317767,0.3661629002849668,-0.08992671023805651,-0.8118200144289829,0.9494372586386669
1.0,1.0,0.43370205191525696,-0.5535514848803509,0.9738103028315779,1.0,2.741534416883403
-0.3847382761353814,0.31322938784893584,-1.0,0.5840933974250453,-0.16799031973674672,-0.9168222313849195,2.7112239250540107
-1.0,-1.0,-0.2451127592244713,0.24698770436354955,1.0,0.937947683345481,5.518608031212041
0.7799326907580895,0.5914345884373342,1.0,-0.5132525671113577,0.5879564358658623,-0.3363464226243282,-2.1833743297395296
0.9302847997939621,0.7497210309545741,1.0,1.0,-0.916517771256637,1.0,1.0687244467327157
0.5705305614709286,1.0,0.1451229980431763,-0.34223479733271406,-0.37807769036117167,-0.336784162729154,0.7717253539529874
-0.009708394531409814,-0.0810399087498912,1.0,-0.022380239341190933,0.5024584080672874,0.569441933678638,-1.2517105358638325
0.8353408633600807,1.0,-0.11594952691503979,0.6771556400051636,1.0,1.0,1.9860315920087368
-0.1455919305561219,-1.0,1.0,0.8293187695789337,0.8192741477091072,-0.09766312290362616,1.3834456604646896
-0.015646271360992836,-0.09476735523074453,0.549371051419094,-0.3418496343280916,0.26406403661001776,1.0,1.4758040033484459
1.0,-0.3693235536116949,0.4956957198078329,1.0,0.9338043106223068,0.3563798115797494,-3.246614294280495
0.7910104922639862,0.03196241121429466,1.0,0.007896325600883047,-0.4082851329175915,-0.1299100453392782,2.3747106842573436
-0.003256343988289112,-1.0,-1.0,0.286822768413761,0.059956217821113905,1.0,3.878586101709754
-1.0,-1.0,-1.0,-1.0,1.0,1.0,-1.27256977018041
0.6626467734772588,-0.053715635448453786,-0.1514790197274868,-0.18529270643863743,1.0,0.8998277434643246,0.32180454693691285
0.46217023069435337,-0.6539762711406101,-0.6700766507190301,-1.0,-1.0,0.46744079966324303,5.027712062582567
0.44730186602787003,0.8297963159929473,1.0,0.7467656780769167,0.7737164630026614,0.9127696285575155,-4.663883433306088
1.0,1.0,1.0,1.0,-0.8835363254478635,-0.055675185776813685,3.510878752197478
0.7182189428732662,1.0,0.25055862555398734,0.4802503346850915,-0.7612487319448111,-0.877262667881348,5.270228299681799
0.25302305466290015,-0.6721658925561027,-0.7776968836296833,1.0,0.4541924557822076,0.21947877095433893,-1.153941862008996
-0.9892001265790722,-1.0,-0.4482420405453271,-1.0,-1.0,-0.7834490567229841,4.4747230351240805
-0.24611818818179332,0.14961905864782815,0.23122046874108104,-0.6522622689434936,-1.0,-0.06068420076530523,-0.582677487347294
0.6559910826199862,1.0,0.2849506180432768,1.0,-0.38766088961533796,-0.45928670830722174,2.5616317087079827
-0.9413018120740191,0.48281042965598553,-0.10406478693430814,-0.9849486331317681,-1.0,-1.0,-1.797257138264371
-1.0,-1.0,-0.3430090433334809,-0.7357572601769146,0.016631211412901248,-0.39162617678393535,-1.1942581665518262
-0.9274778998045344,-0.26360787793063944,-1.0,-1.0,-0.3694505251236847,-1.0,4.32413843211246
0.36354269039773,-0.9021230142314696,0.46199253677934826,0.09107216101848148,0.02059306709865706,0.2511882617963598,0.7843527101954841
-1.0,-0.3079134818265451,-1.0,0.6409075573228729,-0.1336591641631057,0.3455014112864874,-0.6006336283129812
0.06150503864562595,0.3084990606901281,0.5475545662794821,0.4385865300750067,1.0,0.009857017122968312,-0.12460630120244191
-1.0,-0.5285049964600559,-1.0,-0.5855257691933105,-1.0,-1.0,2.4462040877688866
-1.0,0.1802674903517098,0.9388654957041592,-1.0,-1.0,1.0,-3.4269935124021367
0.6090775507841347,0.6621702567206902,0.7360551957804904,0.10320916115626622,1.0,0.4814016855432721,-1.5480851590176556
1.0,0.19132737888021006,-1.0,1.0,-1.0,-1.0,6.060657358368068
-0.3568402377648332,-0.03042078598314002,0.15787591677575463,-0.5722122640118557,1.0,-0.6785145365004422,3.216397169823612
0.7525778796712603,-0.12307685948217018,0.7003137152300538,-1.0,0.1287433190098627,-0.6390931864936467,1.585191007901183
-0.472884182997483,-0.6450699101703118,-0.5965060377688747,1.0,0.7529223168718331,1.0,4.799968706227628
-0.32881745631326686,-0.07076930412084947,-1.0,0.0012870746551778556,1.0,-0.144303466363985,-0.7292357444166181
1.0,1.0,1.0,0.7140050418177164,-0.9808288463062651,-0.8525805506109296,5.808758681182248
0.6160304666365727,0.20530340688823467,0.6058156371572734,0.6378696872082453,-1.0,-1.0,6.353069763054837
0.24161762856193325,-0.37394363714058887,-1.0,-1.0,-1.0,-0.02053726391292965,1.7291638127175397
-0.8768521748395574,-0.8918476559374338,-0.2919503058579319,-0.25189645664013793,-0.7453791909406289,-0.16574713109911476,-2.2234835636289283
-1.0,-1.0,-1.0,-0.535186515232341,-0.5483719301332416,1.0,0.38747990520834785
-1.0,-0.285134746162204,0.6566861987076765,-0.718090472308956,-1.0,-1.0,0.6827192286702635
0.729294489557117,-0.8694768933148185,-0.37333390909281544,0.43755756846266847,-1.0,-0.22579485646675268,2.489105743545122
-0.38527001871856376,1.0,-1.0,0.5466674557743018,0.4466880433752387,-0.1205159054384366,2.2398142990021
-1.0,-0.8538772740349299,-1.0,-1.0,-1.0,-0.5462128450779515,0.18471422642702562
-0.3271425629760424,-0.7917398494958878,0.10661335217683937,-0.35686438140057236,-0.9733016073514611,-1.0,3.5242562311243595
-0.09717602654120039,1.0,0.5615641285573392,0.7630945635959254,-0.33302909891780674,0.6962409141571095,-2.0618210274143265
1.0,-0.025328528863323763,1.0,-0.024800285139042505,0.1411221472559852,-1.0,3.070396167729289
-0.5190352804681453,0.7435338520322812,0.32622034657562954,-0.5201064211193287,0.20669902611107704,1.0,1.9505465362684888
-0.15923474519818415,0.49658954245852677,-1.0,1.0,-0.314593133545167,0.9045685333749806,4.080270808918999
-1.0,-1.0,-0.6387218084418629,-0.9981832460603137,1.0,0.8637357409174937,-1.5819878576785347
0.11925935545883659,0.48233513782796034,0.22354598996877506,0.2583508540618136,0.29621711765556735,0.015636062061045952,-0.0056529204292740665
-0.3351473135007056,-0.12010339090218511,0.4293655042246743,0.5922987622910062,0.6608366381079547,-0.7005836694542176,2.187247633652634
0.3621163819503507,-0.709557582651174,-0.5797623307559281,0.5722531571921382,-1.0,-0.12270703436504932,0.9480848165658953
-0.7868047533847753,0.4268151373862633,0.19527711547892468,-0.40626166570273664,0.32224620175380686,1.0,3.0170282136827677
1.0,0.8345861834284971,0.28892819232081446,1.0,-0.6786338866531858,-0.8954149350698757,7.008760025340159
-0.46344942607889816,1.0,-0.8254618409693114,-0.21130255001357356,0.9043522683016604,0.674677214964886,7.723679259418711
0.5923127823905227,0.31743626680964443,-0.3208862024685087,-0.7364182571093209,-1.0,-1.0,3.9796287134947628
-1.0,-0.21880934806434293,-1.0,-1.0,-1.0,-0.03561992988454443,-1.6064657652636904
1.0,0.8175734636432415,1.0,1.0,0.3604649810289642,0.8066577560440977,-6.065403422658957
0.691602154157108,0.29567382002976683,1.0,-0.49666251116494664,1.0,0.13789384091534385,-2.7211811882188215
1.0,0.14059735381974808,1.0,0.12335341314843973,-0.5384220185271912,-1.0,6.709088949747586
-1.0,-1.0,-1.0,-1.0,-0.5819055077422117,-0.7261855188446698,-0.08901382508474792
1.0,0.7871949672642692,1.0,0.6255007911779674,-1.0,-0.16575802783697235,2.737412497303948
-0.7280409986707124,-1.0,-1.0,-0.7967327037538365,-0.9813523662062626,-1.0,3.4611436193166116
-1.0,-1.0,0.38889230052148493,-0.07822037080978092,-0.01937310405321835,0.3823484399324464,0.013088356090634412
1.0,1.0,0.45960097021637103,1.0,0.995889352637466,-0.2832458377512539,-2.9595621338684235
-1.0,-1.0,-1.0,-0.8994764355031739,0.2524724391141723,0.3590611994997486,-7.798301037813792
-1.0,-0.707577301320144,0.2587566747620637,0.13461589338912944,-0.5198366078971552,0.15270581044047182,-1.6197099411919402
-0.0991283894049742,-0.2847668812745252,-0.05250571007400548,0.5166687433859852,-0.2846439048484909,1.0,4.686605070196235
0.08768827267089607,0.5657734205325351,0.051844981736637985,1.0,0.45018849024564445,-0.14736922158760202,-0.27758620043987814
0.7053299769744348,1.0,1.0,0.5839141740961098,-0.06029718661855776,-1.0,0.26572125250053547
1.0,1.0,0.9290378117701686,0.7582739225009956,1.0,-0.627818223651997,-5.110717991423782
-1.0,0.6070167281352106,0.6395358247219635,-0.6118572523006061,1.0,-0.2688924192473243,1.7688621086676177
0.6355533313658179,-1.0,1.0,1.0,0.8174252090253854,-1.0,-1.9693248926034777
0.5222318517498143,-0.10654537463587965,1.0,-0.526911079396498,-1.0,-0.9333189393907568,2.2652805102930054
1.0,0.3027102908653291,-0.16314621900524373,-0.2932977830834569,0.09332877403545048,-0.2744346497494874,0.24624416222342518
-0.6995630658725979,0.8100029494723506,-0.35670235313730886,-0.5666633345851553,-1.0,-0.8196024757862741,-2.5101962532189086
-1.0,-0.6671695760457933,-0.37376770076820565,-1.0,-0.17756935456020317,0.5034594868299773,-2.6819730508615645
-0.11758788780290966,0.507687018056902,0.4692950018862667,1.0,1.0,1.0,2.886407821431969
-0.9588765134297607,-0.6986219901216092,-1.0,-0.768912002289814,-0.30806307496418606,-0.2535752735652198,-2.7533791871104967
0.4541023676663475,-1.0,-0.9490825580626143,-0.8813528444925574,-1.0,-0.7750609040084069,6.149441223577648
-0.6066098985555257,-0.3972980742081892,-0.4883719128408929,-0.4258713706680344,-0.26282710077979826,1.0,1.8944128283556032
0.04294555312227455,0.33482647907219953,-0.6245833872582387,0.9489273825370714,0.6954166766877041,-0.6795024906708573,0.4862552850972457
-0.07240818819717831,-0.6815709237482142,-0.73005640220617,-0.5937955180164529,0.7934575882689033,0.988012206369238,3.154800699384669
0.3153267548094085,0.37088834696923345,0.8217434738669305,1.0,-0.2762450302730023,0.12052351831123631,-0.7990446510005271
-0.23841524750250928,-0.6180269254985438,0.9523296749507926,-0.6701884275382761,-0.6967579308541021,-0.810295913084724,3.368102420714286
1.0,0.19341007222604434,-0.7510394488291913,-0.281893784640572,1.0,1.0,0.3210101957101767
1.0,1.0,0.5263274178278197,1.0,-0.9556270488619752,-0.9800879575398631,10.227265049057863
1.0,1.0,0.21321032972463827,-0.06036130790881611,-0.8579377021386769,-0.507550560952101,2.818055762122629
0.7971645581671931,-0.6153973975972022,1.0,0.7720925091896595,-1.0,-0.518929139286786,5.52497646350258
0.11450139890768218,0.3194000724174545,0.7292267125325366,-0.45638231165610543,0.4705230302031367,0.22856433794112385,-0.609024544157646
0.6340276192138842,1.0,1.0,-0.693047910118266,1.0,0.13507832318452562,-2.7047084800071226
1.0,0.820397273046938,0.5436267775905643,1.0,0.4315725167691735,0.016896447993549613,-2.42689968782543
-0.3505245338398242,-1.0,-0.005013308210227718,-0.8945698618157443,-0.07095448211021449,0.3894274376888926,-1.1268702915514774
-0.07518725512251856,-0.06861976905330947,0.17386334554536814,0.8519157589862737,-1.0,-0.3963087313609919,1.819629626572562
-1.0,-0.9220842668999567,-1.0,0.20022015864868625,-0.014413055362379135,-1.0,3.5143563371156628
1.0,0.08062117376858047,0.13569566662266408,0.42810375121317845,1.0,1.0,-0.3419242402459275
0.30485152905561264,0.9023893252471852,1.0,1.0,1.0,-0.33840279965559683,-5.687158918327635
0.10008447430776846,-0.5442564698464929,1.0,0.8949850294419465,0.8745903367552603,0.5218233876474432,-1.5012350586200252
-1.0,-1.0,-1.0,-1.0,0.5607939118220118,0.47403898318242016,-6.928808087992332
0.47838081504437147,1.0,0.5576330305811259,1.0,-1.0,-1.0,7.172504810902831
1.0,-0.08303480646334283,-1.0,0.2951917379413366,-1.0,-0.3264299620108655,4.677603479782571
-1.0,-0.9033366677905681,-1.0,-0.7366594437628373,-0.5594259512940694,-1.0,3.0447626792539477
1.0,0.6594645069541889,0.511755546716431,0.48013884190891054,0.6357028285478251,0.7144971515798796,-3.016109736321058
0.1693637593013928,1.0,1.0,1.0,0.7242707041584628,-0.7968811782515511,-4.491458993935589
0.31992725735829386,0.647079434243105,0.4906563850658632,0.7181688451632937,-0.003567806544895788,-0.4158387473350792,-0.5293252080796352
-0.03295793211204383,1.0,0.5810691998136144,-0.20036404301751826,-0.5304803498372956,0.7409672524402995,0.07447412009760196
-1.0,-0.35205025909441723,-0.7619071890950291,-0.6235748869330222,-0.039866625735030525,1.0,3.5980228374918837
-1.0,-1.0,0.24979588495898725,-1.0,-1.0,-1.0,7.245950545870725
-0.468926410895929,0.7809323959454727,0.8009713397572213,0.8722472851256249,-1.0,-0.06742728788592633,-1.5119647609500624
-0.26711663020958154,-0.7223283708099884,-0.8769849194269457,-0.6996657639988413,1.0,0.7036925711049209,0.22832280816871345
1.0,0.41263333816155146,1.0,1.0,-1.0,-0.8492252518787851,7.435264841141342
-0.793912930555225,-1.0,-1.0,-0.2862696646067363,0.48844494812695793,-1.0,3.742390980933485
-0.7866450613314959,1.0,-1.0,-0.8170462961021864,0.9535189369366781,1.0,15.707744373162642
1.0,-0.8851819654821207,0.07896814308366662,0.2765068974070243,-0.5109090853514735,-0.09990054458310385,1.8014168195932458
-0.2625329558162882,-0.43176716913026253,-0.2655435536248802,-1.0,-1.0,-1.0,3.0187791183009693
0.013432781966781993,-0.35218712592567003,-0.6945953300795693,-1.0,-1.0,-0.07533540223249857,1.523707759245905
-0.247967963577315,0.7608026368477312,0.10230062292296849,0.11866431568023372,-0.301994932657981,-0.6306851572361531,0.4295933349704506
0.5996979996051843,0.064422782308584,-1.0,0.021601372937642194,0.19500712780335028,0.6911360286957056,2.386996666511459
-0.20824422710306356,1.0,0.5004915260491201,0.13093969151769114,0.4167117224274637,1.0,2.2262687245800183
-0.0690779233079517,-0.05584004736611359,0.28254923320620207,0.1838942028511139,-0.3132064129031527,0.7343418968447167,0.7362845427889461
0.543317641860972,-0.8891105101548231,0.7861408333008743,-0.8608375956319789,-0.10747543470036902,0.1358788838230477,1.3694706610240797
-0.8917850793084354,-0.07673439211850352,-0.8895638931220642,-0.173577581431255,-0.18914757714967267,-0.779035378822756,2.5441491799285156
0.1613390232260757,0.48641163055006387,0.1425907118492422,0.834675267061551,-1.0,-0.30515538822451305,2.2103315446127025
-0.7498204812651293,0.2854947719385242,-0.3371699251993794,-0.09251252582238423,-0.5750287782947161,-0.2549228437579254,-0.3875324539687086
1.0,-0.10341390837812486,0.7857357232378996,0.4687684231476835,-1.0,-0.46007220940645444,6.562023794795799
0.35655925786886355,-0.36232569637622924,-1.0,0.7204687318033385,-0.6218263455549837,-0.07776102915819005,-0.3250726585183785
0.8433147470555126,-0.39626930624270074,1.0,-0.06145689460269982,-0.38637169237401037,0.8072165090357553,-1.4641638546188254
0.3515760522609738,-0.9729640311876611,-0.8401499440718865,0.6239963256963144,1.0,0.40399766143083926,-3.4360597405768174
-0.26626991826533575,0.4360613022013238,-0.030936603816809516,0.9569342469233497,-1.0,-1.0,1.9075649936406074
0.32194735355751863,-0.3943200383082882,-0.6543424871535888,-0.5775206282369096,-0.39970052593465655,-0.2308857141363433,0.9450050476362701
-0.9745072138074187,-1.0,-1.0,-1.0,-1.0,-0.7793643753790707,2.6533996235128248
-0.5980312868481741,0.6222495822094183,1.0,0.9025691244809639,-1.0,0.15531530916072944,-4.875019775293309
1.0,1.0,1.0,0.2699903287841767,0.6889530887486688,-0.05837791751993385,-4.240039495342864
0.8474316555049813,-0.42041149328863936,0.021202909265422676,0.3933147686530316,1.0,0.1250047363528235,-2.972650897480423
-0.17336418215559224,-0.47701378080921586,-1.0,-0.3190775246660862,0.013937243141324718,-1.0,3.5251389041801104
0.11535874783402339,-0.8595688734845237,0.09385471267542236,-0.15710313949403487,0.46456134082615724,0.12700528356303986,0.5823216438198312
-0.35058124059466134,-0.6097759970900342,-1.0,-1.0,-1.0,-1.0,3.8356497184490412
-0.35014792648829013,0.1934668409074951,-1.0,-1.0,-0.013057677925109035,0.6857502066981758,1.7802548739351671
-0.6362552319108611,-0.8184190256080353,-0.5025686943304273,-0.9141815591490838,-0.5678005947547196,-0.08703506699968183,-0.36277594712554073
-0.35010120887365204,1.0,-0.7218185026750116,-0.7887307179086284,0.7475127250996301,1.0,10.889965238425791
0.5068550187397398,-0.48872577553284663,0.09920658160499318,-1.0,0.8380658234549249,0.18567584196730896,-0.5888392257885648
1.0,0.08161802798098883,0.7396672037277059,1.0,0.8542787152570502,0.5970950031123243,-4.515384842930327
-1.0,-0.62555064889727,-1.0,-0.9261253642292604,-1.0,0.0036626831332073756,-2.911083114834872
-0.492463988809826,-0.8638760348887201,-0.007872815024545399,0.6628857577172032,0.8274743867080399,-1.0,2.673704124564135
-1.0,-0.17352071147220055,-0.3884978675717017,-0.818606952222334,-0.20070423296761286,-0.431529318488413,0.1994680966801614
-0.3903179268073134,0.7445801790997355,0.10840188438527809,-0.1516632247646108,-1.0,1.0,3.439214995243034
-0.9636307799005944,0.807446809874653,0.7620589204032069,-0.009753029204611963,0.42856577555173747,0.2800525996478005,-1.4526669988040979
0.7950122220523721,-0.12830843099804257,0.8090459746893144,0.5493923066428861,0.25004987502007725,0.08117841239145196,-0.3086015749089399
-1.0,-0.7134557196945844,-0.0956766157633504,-0.9446188379143061,-0.6858037061653158,-1.0,3.2455309924922657
0.5497589228187741,0.27332106566326597,-0.4763353224007482,1.0,-0.0012604461115086618,0.9229319385753909,3.0426503566174943
-0.04691556906948979,-0.010589903449426896,-1.0,-1.0,1.0,1.0,7.323094818325348
-1.0,-0.1494326947162532,-0.5693492641267135,-0.11863780740256802,1.0,-0.1508202805204309,1.5487512651795468
0.3685401815167927,0.6825672118214696,0.27764283592816685,-0.4686094038068052,0.011851808773290173,-0.6065437326547178,0.43241903652241387
-0.5087532387492262,0.9650014445254397,1.0,-0.701902644145205,0.16312218334674888,0.8502423725412172,-2.8151895940939675
-1.0,-1.0,-0.173906702898666,-0.9192119072262941,1.0,-0.8092960323978775,6.7723984676484035
-0.5577463012787837,-1.0,-1.0,-1.0,-1.0,-1.0,6.321682371808834
0.4942449485032705,1.0,0.9854410411012492,1.0,-0.3800567342196043,0.005527460229421355,-1.621768607869825
0.40262273316961394,0.9450520176824754,-0.920839105158249,-0.5009319084571986,-0.48417469923826345,-1.0,2.192504798044289
0.7106075796559015,0.35117289461684215,-0.22496810788492694,0.06302831458486374,0.7963042960599263,-0.5569566419931469,-1.1544779888289582
-0.45080027525664174,0.2784340742256556,-0.49627292095448416,0.09706672980554676,-1.0,-1.0,-1.2661903553256046
-0.3385746696661691,-0.6685282664693405,-0.409534383422435,-0.7565754428014336,-1.0,-0.9770013475692743,3.778491764319867
0.8895584496671122,-0.253351816807015,0.14778825926794048,1.0,1.0,1.0,2.5611993298345035
-0.3689927872622829,0.21029533990403548,0.7788347293875886,1.0,-0.5697716252853656,-0.32952581298466943,-0.6231268095280195
1.0,1.0,0.6053483589327171,0.3339525292678085,1.0,-0.04309791841433319,-4.056730720999442
0.20428596731447202,0.9423512350138363,0.9046772560014196,0.6198738634606886,-1.0,-1.0,1.4814219823850732
0.7552166926124743,1.0,0.9109959625997995,0.9767868993850221,-0.32890951069733815,0.6580896343507083,-2.246332144503017
1.0,0.7373941108189115,1.0,0.5918979194582129,0.012302229066352699,-1.0,3.1057682513772624
0.5630886139325332,-1.0,-0.1548101191501765,-0.1752541891906102,-1.0,-0.43127784784097867,2.7355142463778446
-1.0,0.06011398580234678,-0.31748776074500584,-0.3503081384230328,-0.3943445838664399,-0.4459130955592162,-1.044914539878681
0.2899091316195248,0.19311690049225283,0.9141226672123042,1.0,-1.0,-1.0,2.5372670732581204
0.6584132173308479,0.37644567494621306,1.0,-0.08449507099779896,0.11793017629543878,0.8057530899110297,-1.6121181445642598
0.031766109191215364,-0.4189631921083856,0.414738818082723,0.05882300345932423,-1.0,0.5806132484974952,0.9099267488874865
-1.0,-1.0,-0.10413015279155102,-1.0,-1.0,-0.4590275854985114,4.3799440280972615
1.0,0.24221208647015002,1.0,1.0,1.0,0.060279226393169294,-5.019925854366375
0.20638868870752947,-0.23211604944706185,0.40687187319245055,-1.0,-1.0,0.167700225809923,2.3371018666494416
-0.6637940754694508,-1.0,-1.0,-1.0,-0.21505563922848553,0.011585426684052602,-4.907574050038915
-1.0,-1.0,-0.8497342333104702,-1.0,1.0,-0.8565032013658107,1.396828323848597
-1.0,-0.8329970784891176,-0.7497069219382086,-1.0,1.0,0.9301988641266938,1.0091609417539014
-0.689855439620355,-0.20355202352921653,0.1436588932047153,0.2682069044452874,-1.0,-0.9312191076312888,-0.06023833628277192
-0.9292907131380087,0.42904685552350486,-0.08922278809025147,-0.15731667162729945,-1.0,-0.9298851339767484,-2.967872367788686
0.5415559032830006,0.8965196056994749,0.46975981927541505,-0.3705146458316761,0.7650485749442089,0.429370659446359,-1.0620593372604994
0.5134619828704616,1.0,1.0,0.3681749958277525,0.5765603300618096,0.5535301643876925,-4.312238540684512
-1.0,-0.9665855328573907,1.0,0.8119109586267117,-0.7411292580267108,-0.2897920133209547,-0.902956051306504
0.8471951576506324,0.4147619474209392,0.31111329506023033,-0.44654391404698024,0.6283878858536918,1.0,2.131573251726044
1.0,-0.6189677198999709,-0.19690285611683003,-0.17944170427668266,-0.16704398724505753,-0.6929935523610962,2.6582265033236183
-0.9209366328409898,-0.5885870322775719,-0.9890293767072227,-1.0,-1.0,-0.7238830292134788,0.959834860002539
0.6920302366411759,-0.21061802693259202,1.0,1.0,-1.0,-0.9487109334973852,5.232526938150642
-1.0,-0.4194633426089869,-0.5997916050328762,-0.5492208108806891,0.6326237301843955,-0.7409863974303899,3.464677463178435
-0.781584625375281,-1.0,-1.0,-0.10943216598685557,-1.0,0.03794001159114169,-5.112249702655326
-0.47819463470331147,0.024592319786896633,-0.11004676118209183,0.11911342472397057,0.8990009380662778,1.0,5.455196984483134
1.0,1.0,1.0,0.15413893620831698,-0.710738423026543,-0.4499954943799724,1.7992410100127034
1.0,0.4986130337651254,-0.9826414915497428,-0.9984062536156665,0.4839875236958229,0.22324849911391076,-1.399990191132202
-1.0,-1.0,-1.0,-0.5989465727703782,-0.023054866746084368,-1.0,3.092714883014093
-1.0,-1.0,-0.2711460614374974,-1.0,-1.0,0.3724835398831601,0.6609318660479669
-0.6341017150310624,-0.7319926438363153,1.0,1.0,-1.0,-1.0,-1.9605082385968458
-1.0,-1.0,-0.8799823304648913,-0.49969682304549184,0.20349021414280516,0.44135811103524625,-3.603164264140518
-1.0,-0.13592113934460182,-0.21722115501649575,-0.151225518731968,-0.5683927180325786,0.42663523545354654,-1.9074272327927257
-0.8175303545151666,0.07371092188169309,-1.0,-0.9827549208829671,-1.0,-1.0,0.710600590835563
0.5916594540013007,-0.3449153221195558,-1.0,-0.9779752944744416,-0.6560760940211938,-0.26157059890983503,1.6364613092493412
-0.9051558565078941,-0.48479867787569164,-0.8164422778591418,-1.0,-0.3709568876400191,-0.3296884882963953,-1.3156392292650771
0.2291284544112372,0.7900208001343746,1.0,-0.29452656568645463,-0.7349237152520025,0.80424951547337,-0.6105910678148468
-0.245903304925837,0.09505858015912783,-0.266423355683437,-0.9645718305182394,-0.9268054147377839,-0.12655400486547297,0.9078443075307129
-0.8122466191980058,-1.0,-1.0,-1.0,0.8575295908536757,-0.7881553788958126,-0.049635651640996814
-0.34423681017903796,-0.320955430743076,-0.0163276252073572,0.7000091068819708,0.33250182051493116,-0.19009215649257294,-0.11717650006555902
0.15107157312352548,-0.4002281652426821,-0.8351785061735008,0.14740849367666803,-0.9548665185338168,-0.6705069077799006,0.9815289542851622
-1.0,-0.43340455005591616,0.2242253649632855,-0.22574751902679197,0.6617066820972564,1.0,1.5996654996449002
-0.9245089895940928,-0.547110788355503,1.0,0.4687373085743898,-1.0,-0.9552873900526916,-2.3582520690462614
1.0,0.604523801546891,0.6157475233851055,-0.825748070509648,-0.14466861965486133,-1.0,3.052494946034265
-0.6225250030753133,1.0,-0.5294961090542294,-0.999686644400555,0.7716702030115086,0.22588720491395942,3.4664384069048437
-1.0,-1.0,-0.6875350885704155,-0.3769316395756992,-0.40581501729581715,-0.5517802625971728,-1.480310489402126
0.12762780888403735,0.6095535205775137,-0.0419214040190955,-0.20901040984478458,0.5583369955170239,0.9428670576047309,2.811606992675852
0.07282014355811617,0.14465395575380624,1.0,-0.9231776572887954,-1.0,-1.0,-0.28326805658505094
-0.29750012392793057,-0.6893783093826309,-0.20672576813419474,-1.0,-0.17603028273248292,0.7755764255241612,-0.7845953886935527
-1.0,-0.3066280408542723,-1.0,0.6302289521079937,-0.6141003787286559,0.2176739511862773,-2.5710203242654375
0.10357189101778663,0.610952291261091,0.42576217682259054,0.6768168304275993,0.5818433325663072,-0.16511417858901778,-0.5560126999858187
0.020840456992101478,0.6143351785997966,-0.07148336047015717,0.5178037168688611,-0.07397638096164039,-1.0,3.775568611465077
-0.959567973242825,0.9466401547279051,0.10215814288783287,0.39348050114863026,0.2917441186305366,0.03800398638550939,-0.2306723149133273
0.15519702190261564,-0.24620329339555386,-1.0,-0.4395077052051142,-1.0,-0.7204542864081797,-0.3406664213292123
-1.0,-0.13004987873311125,-0.4225665878390705,-1.0,0.146443769546804,-0.5657551484397707,0.6080978191753157
-0.10568640593200307,0.44168759952666287,-0.2622619501237169,-1.0,0.5005146776948093,-0.7674750550747782,0.6973688518741458
-0.17090499521265934,-1.0,-1.0,-1.0,-0.1559737971341999,-0.7436860791710762,0.133077128101303
1.0,-1.0,0.7249631631458198,-0.5603451626309852,1.0,-0.32118621672351055,0.9509921841213396
0.14287318159528095,-0.76929638302991,0.2633190258274467,-0.2237903812513552,-0.16049258766869323,-0.28526062646400313,0.8072352841341817
0.5355058898784302,1.0,-0.5330904603344022,-0.9283647102297468,-0.12400704950271413,1.0,8.884551540085605
-0.25805480734877284,-0.6732650768259283,-0.4879441160072294,-0.17540154723937373,-0.03630605721573543,-0.1582334095267711,-0.06474707032956573
0.38581767401318423,1.0,0.4896443877010379,0.5373708507123184,-0.9401039696032045,1.0,2.3147475590588527
1.0,0.0742584091035634,1.0,1.0,0.01948461690038175,-0.4682669929153603,0.441442623343933
0.35233756109237174,1.0,0.528622149097332,-0.6723481278986302,-1.0,-0.5731744370340643,1.1150247301565839
-0.786740240034166,-1.0,-0.5786575138704639,-1.0,-0.41807203325374787,-0.9691159708085852,2.74501055537641
0.3374266093462075,0.9394958376479711,0.7083779482505987,0.6162200572545165,1.0,-0.5449702581634289,-1.0782819816445905
-1.0,-0.15085452497839158,-1.0,-1.0,-1.0,-1.0,1.7424377878171953
-0.02593816493454082,1.0,0.9434430871583971,-0.08178012606842855,1.0,-0.43168298880170114,-1.4422244041085406
-0.48794258073462315,1.0,-0.7070681778520715,-0.2836668030838243,-1.0,-1.0,0.008292280272674035
0.3601282123468227,-1.0,0.015110425459061438,0.36986283759673333,-0.07747395018991154,-1.0,3.552652218685031
-0.3546607014669122,0.4076888299635957,-0.4746713980222401,0.9147532563173872,-0.8137596933970528,1.0,2.2378743140374513
1.0,1.0,0.7443074119801443,0.421625343291526,-0.5015734020783148,-0.09779822859164766,0.8562805468684862
-0.25840226239742903,0.05295479376250989,-0.4276757921480705,-1.0,1.0,-1.0,4.139387108599527
0.14823898312859995,0.24332072836642937,1.0,1.0,-0.2684436668901953,-0.1321756839374606,-1.2171106541003691
-0.7243559249642573,-1.0,-1.0,-1.0,0.6695507044932852,1.0,-1.1318361496981815
-1.0,0.11613796059726539,-0.07401106719680639,-0.9072386162958428,0.25567109331403814,-0.9354553613915877,3.2713754534274195
0.48875754161766205,1.0,0.3998630656649306,-0.2117089810479078,0.6599509606785392,0.19936069176981708,-1.540974713580232
-1.0,1.0,0.8250820451245091,-0.11197382846212256,-0.49467363098226924,-0.13828463962434623,-3.5620962785541
0.6783204930837592,-1.0,0.3060074205272032,-1.0,-1.0,-0.1581899475620163,9.433132888550524
-0.9956374152464189,-0.7470098687124537,-0.7847586959653228,-0.40581992822685276,-1.0,-0.23137911859822857,-2.6900395918138726
0.22433161363725018,0.6846315231996326,0.857316985179162,1.0,-1.0,0.6582453888487492,-1.3996137437948875
0.7458435178691518,-0.6594582333528675,0.4116477287473835,0.600673340532178,-1.0,0.5298838888985709,5.266139985681399
-0.0785579483524923,-0.83688542303198,0.28898988520706403,-0.7980997741241982,1.0,-0.19764663488488687,2.705926937558888
-0.5404265452460368,0.6917124794858897,-1.0,0.6108451574843142,0.42500987931926715,-0.09159899113383896,0.22330621653221872
-0.14031213856219366,1.0,0.32663493294866885,0.5243530898337205,-0.184478773091788,-0.4040999838148352,-0.5570508273258123
0.04278200430121282,-0.800944526827843,-0.37923375281439986,-0.0467345381196862,1.0,-0.8664980813716572,0.8790708854439773
0.10167337047555275,0.5635174528291508,0.14902188731469035,0.46370110311089685,-0.6500167247438385,-0.03728692423909141,0.530499910016615
0.9151535024179387,0.3419628061481501,0.34100107807153845,1.0,1.0,1.0,0.3940374488073638
0.3706373557919378,1.0,1.0,1.0,-0.4325351669806736,-0.8758193068883756,1.2863669439278163
-0.07067990294510174,-0.39022274222016917,1.0,1.0,-0.27067809048500124,0.8043971854752239,-2.537159850747144
-0.2780692021821885,-0.477892985374028,-0.9041808493296309,-0.7448289304154295,0.8601550573051215,-0.14737517702004033,-0.7711265942937725
-0.8272295517764614,-0.3933472997104539,-1.0,-0.0547350806974124,-1.0,0.11257951213367445,-2.8172471332148517
-0.5241351277000091,-0.29665815476719815,0.42011318092408334,-0.7773445896831983,0.5187199548129636,0.8258289807208106,-0.5253038696797695
-1.0,-0.7250468359445555,-0.9606633809786748,1.0,0.7973217676065625,1.0,6.141261379166017
-0.13321675809460234,0.8060173234619394,-1.0,-1.0,-0.07723787035599922,-0.5565413928427788,-0.8004604879538941
-1.0,-0.6793360207595835,-1.0,-1.0,0.4233140946938738,0.8947996046173599,-0.11933170548980737
-1.0,-1.0,-1.0,-0.3148903591693042,0.5214589909045368,-0.5089723048729426,-2.4957403554276487
0.6094608113490181,0.8254771481208882,-0.7552866360224757,0.554815316361951,1.0,0.7604013641704772,2.303079277451478
-1.0,-0.8269496880807805,-0.9410064299240031,-1.0,0.5217034774555876,0.17452044259033106,-5.948028460502517
-0.5173666988707686,-0.774996367807526,-1.0,-1.0,-0.16814817646672764,-1.0,4.4266857534685755
1.0,-0.33177975558323247,-0.3478890575065926,0.019667062499453575,0.24556026232952632,-1.0,3.4459509918989086
-0.17305004649154232,0.43385752769391694,-1.0,-0.9401568333775674,-0.5348055090071657,0.32192975940544644,0.14864303514781768
-0.17158369263743706,-0.15317394519351735,1.0,0.7432099767088102,-0.32628248010837213,-1.0,1.3112527095437814
-0.8083034802172553,-1.0,0.07772579459994,-0.3570897117840697,-0.2249218257202227,0.25544340271601146,-0.9835274286073551
0.28398132391183206,0.5741744287278787,0.24912054610707823,1.0,-0.32599483576152377,-0.2026849368837632,1.738226230636311
1.0,0.9805135911946914,0.09921460676586791,1.0,-0.6532194083726568,-0.11427381272991144,3.9123788337620686
0.18962949532647355,0.9872710116149659,1.0,1.0,-0.870690542794968,-0.05511436685667827,0.1581267704558964
1.0,-0.05807202370631198,0.558980050326372,0.7132823633942994,0.5298643630054716,1.0,-0.5690732756380298
-0.2882567744299306,-1.0,-0.08075659250710732,-0.4108129671774051,-0.4081426393070874,-0.6817410603803287,1.9083211754269962
1.0,1.0,0.3342648630293128,0.7948791513865185,0.05469077722785824,-0.47770238068434834,1.364031532916962
-1.0,-1.0,-1.0,-1.0,0.9181503653184151,0.9096479418616659,-2.42852938155752
1.0,1.0,1.0,-0.10720551889168706,0.4193805001421735,0.32806764351552875,-3.3667652785318056
0.9883539770785923,-0.0024145810226732234,0.5655500088776833,-0.5804735868653116,0.5018419920519773,0.547250342591888,-2.7451021649838174
-0.5245589602032431,0.6899135765046367,-0.40708284480416945,-0.7905908939298365,-1.0,-1.0,-0.2291401324631035
0.06665701006604968,0.04462788937183537,-0.5376721001890857,-0.15517441084424638,1.0,1.0,5.191122109128248
0.626779900604258,1.0,0.7538706020734358,0.8329935477886601,-1.0,0.00768886700808924,0.9331115410829223
-1.0,-0.9132483476662494,-0.6819019867904977,0.16184858031174332,-0.6488225552694556,-0.20149329751927933,-4.003506104016555
1.0,1.0,1.0,-0.11859124305836183,1.0,0.16390869591680812,-3.7631752738896838
0.6884139673562537,-0.4953028468929426,0.8941729453538335,0.4903876286868405,-0.4336235093800227,-0.11007888036907032,1.33329209229334
1.0,0.6157613625850535,-1.0,-0.36202630795355084,0.23851544916015452,0.16401288713563877,0.623355945473372
-0.41291343720442525,0.14962244232573754,-0.5911402110542965,0.8686842894489123,-1.0,-0.10915060691358058,-2.497469759296899
0.7352712485743569,0.6187082355018885,1.0,0.02274286690081495,0.4769554339797178,-1.0,-0.0358113683891472
1.0,0.9605220227868057,0.8072714818968865,0.7827782101332832,-0.2674719997070582,1.0,-0.05518783149896467
-0.42271180648117596,0.1885962643505068,-0.5647117103822895,0.7692675443677192,1.0,0.7467334821964534,4.372814590546886
0.8188320899959618,1.0,1.0,0.7693224421150872,-0.8367291737609093,-0.6134888779431797,2.8114330019869636
-0.1545362940335192,0.6558628780034318,-0.193121562171382,0.1192175767523353,1.0,0.5082007798321355,2.045319231156276
-1.0,-0.8777905602385351,0.334924376001974,-1.0,-1.0,-0.718313943741193,4.940003137777207
0.06317322110696272,-0.6870395672041145,-0.06669816153446173,-0.5583924790262917,0.2700366605262554,-0.6166830489354093,1.761214924608467
-1.0,-0.6895369176322115,0.935533097494428,-1.0,0.09183591391791623,-0.2824537266698923,0.38966939610619145
-1.0,-1.0,-1.0,-1.0,0.09344497562961651,0.5260527519632853,-7.355868544227151
-0.05699196643808149,0.9698425840615257,0.3236398422226019,-0.1532758857667461,0.9280059333462716,-0.553054991184647,-0.20730889659854573
-0.0473449416266572,1.0,1.0,1.0,-1.0,-0.1121659517674154,-1.3088913087817446
-0.800791279305443,-0.6375806261977864,-0.6477720407746665,-1.0,-0.5639364602175305,-0.27267124694341843,-0.8657276635402424
1.0,0.11442276572744281,1.0,1.0,-0.7308816899671613,-0.8204029903026556,5.850056641336342
-1.0,-1.0,-0.9025526516808976,-0.2562057425065236,-0.9729019459851789,-0.8122262739936046,-0.11030411985835653
1.0,1.0,-0.2112585693916157,0.6241535888750017,-0.09990991005498806,-1.0,5.970824076794817
0.5774879440499449,-0.7847374623506089,1.0,0.29951832189689076,-1.0,0.09089538100210759,4.042424349381071
-1.0,-1.0,-0.8371244799743884,-1.0,0.49104263652068414,-0.3592136770538778,-3.922557389143647
-1.0,-0.8438896902218758,-1.0,-0.6823938352679053,0.6584213205918579,0.22512134108652748,-3.4847800726049165
-0.39594105318808304,0.42375669282282685,-0.7252414905219207,-0.5344251465114749,0.7890767704340295,-0.46689221099693134,0.17949251821940437
-0.3250041118232568,-0.30842231109010765,-1.0,0.9652814529555375,-1.0,-1.0,1.4176690318262888
0.1912352079600546,-0.6645969679456621,0.6392586546527964,-0.6114692282090711,0.10393195448400139,-0.4570669415835315,2.069042568520049
0.8956951298638438,-0.9137055442872359,-0.23300336057011933,-0.36337947398363446,-0.21694038637257973,-0.5517746968318276,2.7886719580439543
0.5658112032663478,0.6441232361720527,1.0,0.8245830353753301,-0.20216229455583307,0.10986292899343464,-0.5526343853535652
-0.44796933693407603,-0.9669589371508376,-1.0,-0.2655047358947118,-0.18998970623421307,-1.0,3.079424285546739
0.4608408611088971,0.37673764500542317,0.544259217053484,-0.823251339146671,0.8131218102694614,0.47962611209927,-0.9888899874180983
0.2095675759438287,0.8495943554151109,-1.0,0.4131064421706865,-1.0,-1.0,3.802291240544905
0.25402933578651987,-0.5080897233807166,0.3344492223925829,-0.948623641311626,0.5047403502021495,0.5201729148315203,-2.061477420091761
0.6213136225169031,0.6277936432723443,0.4523952458321049,1.0,-0.6682722769885286,0.8969691693091277,2.8823162697066333
0.10619019726186085,1.0,0.7205096571520648,0.39592074302661207,0.27980011496263235,-0.5615418402247295,-1.8468184481561785
-1.0,-0.7538294250328428,-1.0,-1.0,0.9615664444706222,1.0,3.2358438901556124
0.06048027551194912,0.9856489214384461,1.0,0.4815313163833077,0.18961078234280054,0.6333147559573344,-3.1111371227654994
0.3090491771170438,0.3269052085176736,-0.07930888875686304,1.0,-0.27005559376099886,-0.149250602401519,0.510091049897482
-0.4460036379817759,-0.6822361996908569,-1.0,-1.0,-1.0,-1.0,4.08427044831775
-0.09502595430819416,-1.0,-0.10382285647192491,-1.0,1.0,1.0,0.9925022917661017
-0.7839055951101097,-0.01266392882197409,-0.5902042059574998,0.051808393507964734,-1.0,0.10777798983999021,-3.606139332146941
-1.0,-1.0,-1.0,-1.0,-0.5604800776729933,0.8366047892289182,-2.5354968316938935
0.0369787730969628,0.6155825721163954,0.40716735888008737,1.0,-0.3510173066091889,-0.5574289864313254,1.9347358067835048
0.7253936264026238,-0.3878371153912324,-0.7961695780153792,1.0,-0.621042263219834,-1.0,3.1305636573896924
1.0,-0.06037243133958714,-1.0,1.0,-1.0,-0.13350555889374993,3.6542428575620853
0.3411011024570726,-0.43858481063475635,-1.0,0.2865172744321257,-0.05948790461102993,0.20295829113766173,-0.9177163345596022
-0.10172708394760166,1.0,1.0,1.0,1.0,-0.2987979383391857,-6.074930472391738
-0.9502773408515433,1.0,-0.7984835213297421,-0.8993413175896942,-0.620217105393273,0.7762281535871303,6.954981200040108
0.3111820841688413,1.0,0.8193192403946308,0.030074881044678925,0.05601860538574399,0.05177807125379008,-2.183104260786327
-1.0,-1.0,-1.0,0.08425017837813817,1.0,0.024788822664563837,-4.80606644179268
0.6682035556100367,0.9049036340101398,1.0,-0.2224527371817387,-1.0,0.07572453182595068,-0.2767686802161509
-0.859100207581742,-0.8407552975018578,-0.8519560309282113,0.6131941522579012,0.5564109669896026,-0.10893023130948465,-2.550485464320803
-0.5703216272497047,0.4658588287399825,-0.6714377956104896,1.0,-0.9120382823833639,-0.6734970681139272,-0.23866107937070546
1.0,0.6282988329849689,-0.28967013081148923,1.0,-1.0,-1.0,9.759388201669069
-0.6133034961925188,-0.4479975060685384,-0.33480948956388623,-1.0,-0.8853415023775406,0.431457969590037,-0.23069017558236327
0.9222626188267163,0.7108071450085963,-0.07103769561972326,1.0,-0.19477694602353424,-1.0,6.419822028283685
-1.0,-0.4081211962752461,0.23267916655820434,0.9287717521446136,-0.1794694175637476,-0.09666662326991982,-0.6425038793126934
-0.09533440745814153,0.05981690809406626,-0.37888200172997677,-0.5383343196127115,0.5022606661834881,0.38400511464898934,0.5203249042658207
-0.38539430805381536,-0.6319289139180092,-0.19867569592493534,-0.8171339433706686,-1.0,-0.7604461147955073,3.2889528920627202
0.7953389863664198,1.0,1.0,1.0,-0.7109629699812376,-1.0,5.812401510272669
1.0,0.17785655550354332,-0.3559272328042273,-1.0,0.010148096994629874,0.10331334228307798,0.24382330937044575
0.9527252082935566,0.2892055385973291,0.4054608602390313,-0.27734661094363416,0.0735174602195588,0.4987957242872276,-0.7161173711838814
-0.05369124616799015,-0.8028218112207598,0.6590567032676018,-0.04053425060401428,-0.9333958109132012,-1.0,2.81965857962324
-0.150015629006238,-0.12990533494255296,-0.399393832341594,-1.0,-0.7520434098492631,0.4667547747179623,1.0672759257384667
-0.18807917787934014,-0.5113529097281334,-0.8851080404839242,-0.19403458268396,-0.7600229222856765,-0.7982108297922956,0.7442069702836437
1.0,1.0,-0.12196557611826475,1.0,-0.5552201208588878,1.0,6.787745757237098
1.0,1.0,1.0,-0.3249213659790947,-0.19965773618961352,-0.4962111837827514,-0.6211790366905496
0.9925097219899393,0.056341771683241004,0.9341758705623988,0.876378117422353,-0.34444226664828115,-0.38792341110479833,1.982917627870396
0.7388960461929237,-0.32105504686407277,0.17044778919178002,-0.43647527330779323,-0.796568563951107,-1.0,6.801574558944387
0.46297840490972514,-0.8314015322605625,0.5305754577243184,-0.2801077367330481,0.36084191697503154,-0.3012530652653991,1.0312266383390862
1.0,0.7702900127112542,0.20116620704441146,0.7527705601510893,0.5226258351366879,0.4517048357393659,-2.2758356625956346
-0.8970014818242555,-0.24943788017538054,-0.2919950262661192,-1.0,0.25224324146828364,-0.8772533791358774,4.521165622225141
1.0,1.0,1.0,1.0,0.8750568990635791,-0.35065609954688937,-5.729146206214143
0.4926912269400369,-0.3471823654642876,0.46766821916064105,0.05505937116522441,-0.31631897327653924,0.8004305032121048,1.2863747593836237
0.4953251422352321,0.013734471360556277,-1.0,0.49261632536562605,-1.0,-0.9035192325086971,2.290202550897889
-1.0,-0.4343263613355077,0.17282022697661512,-0.2591877041305502,-1.0,-0.012765462685045526,-1.7550260103576512
0.5634888156511819,0.37131565590917076,1.0,0.6429129556348911,0.15839576190291832,-0.2113431269503414,-1.3759432751464296
-0.0963973658483756,1.0,-1.0,-0.4045091646135427,0.6896055306429049,1.0,12.657115804194824
-1.0,-1.0,0.2807071170358312,-1.0,-1.0,-0.3687553356663727,5.214168393284783
0.48001891256099916,0.6978336935316173,0.37445668191277304,-0.6527931908881025,-0.2646713839671553,-0.1795909414481276,0.36345125936911526
-1.0,-0.8901648885708542,-1.0,-0.3063897267580608,-0.2689482785984274,1.0,3.0115153984229224
1.0,0.40803385137154186,0.9705939155985812,0.8409758172443321,1.0,0.7190938001830778,-6.534399617196402
-0.02142633708124364,-0.6754877308727253,-0.694326082610403,-1.0,0.15939347126467807,0.5048154679347261,-1.028494241802119
-1.0,-0.9426812508890865,-0.03795682649907817,-0.26728121550689743,-0.9082195253428604,-1.0,2.2498552957933144
-0.3091748540433682,0.3716776908283531,0.58273653492131,0.13499355251806378,-1.0,-0.4594952882551744,-0.773104619477096
-1.0,-1.0,-1.0,-0.6822918564659679,0.3126733004173736,0.41618358539994205,-4.388447240629459
0.22080100540062442,-0.8123185449253862,-0.27019567765527774,-1.0,0.8611498703451819,-0.03170699342667327,0.029254236256989398
0.7065010208943692,-0.5657952090211794,-0.4770369283274405,-0.3591571233691481,-0.10564566239248563,-0.006971509372844742,0.08536281089523526
-0.6105892990118105,-1.0,-0.5963943551367741,-0.2734494510012075,1.0,0.6297107437653114,0.6446309376722603
1.0,0.9335054518356223,1.0,1.0,-0.9411514316044785,-0.03875762591912335,4.530051876905693
1.0,0.8859252328974847,1.0,1.0,1.0,0.09151748390581038,-6.459925317503163
-1.0,-1.0,-1.0,-1.0,-1.0,-0.8038218619641868,2.0457192537228615
-1.0,-0.5655996438589475,-1.0,-0.3266650959952835,-0.27667139120979295,-0.4687005678731199,-1.372822840967566
0.9515953295917343,0.9746764658913352,0.5112440608495932,0.33069335820980794,0.24354206936228892,1.0,-0.9098664091919382
1.0,0.5930780267168354,0.2222671902391531,-0.3938717385300993,0.24975167347477975,-0.48335635803842425,0.488709008117845
-1.0,-1.0,-0.7284248216963745,-0.13080364426130497,-1.0,-0.03791288267914772,-3.721395134555786
0.02809303926804141,-0.9799466397085229,-0.9795604617022288,-1.0,-0.4062329321439754,0.2500097915583981,-1.2644646835963402
0.4651419341559211,0.9473689780628571,0.6581941023034583,1.0,0.553027632141958,1.0,-2.392751202692327
-0.014466645833918546,-1.0,0.36079410666985867,-0.4310082951299641,-0.5334529474301547,-0.06653389776400795,1.6175617630219894
-0.9783640628942781,-0.5256530173439643,-1.0,-0.8919315729648079,0.20969510063604524,0.17961061846646253,-2.09514521983554
0.12163553134571187,1.0,1.0,1.0,-1.0,0.582448859360813,-2.184343648796334
0.4145514041826658,-0.01153139772763484,1.0,-0.43744582680753147,-1.0,-0.6159056591691441,2.4180543640417036
-0.21585857177012668,-1.0,-0.47436822227299724,-0.8748555602849257,-0.16155604026289516,-0.49847314911359825,0.8143334123854075
-0.5102822765341098,-1.0,0.7303063979598279,-0.903062345323852,-1.0,0.42487195792647703,3.2819855117553827
-0.347055299102774,-1.0,-1.0,-0.696412740823241,0.5335549875791064,-0.8830090093522569,0.5248960946455898
-0.630687951714302,-0.05655025366007749,-0.5791290567961502,1.0,-0.9744841564699669,0.05815055658697155,-1.9825829470383034
0.49025112546605615,-1.0,1.0,0.4207432513430054,0.9328607828000717,-0.7040725002927886,0.7069107897808604
0.6656593356779973,1.0,-0.6163600208904062,0.8946740499108647,-0.4296003493667101,-0.98744542464166,6.645832357873833
-0.46896748267117316,-0.028839263619332922,-1.0,-0.311423544566392,-0.22552005705505068,0.8099558341989015,3.8373420603037904
-0.031578699347329056,-0.7467385650437608,-0.1445893845368706,1.0,-1.0,-0.39661076898493064,2.3825028565953428
-0.24209010288959215,0.2548115768703052,1.0,1.0,0.5589221761753534,0.30292037322603804,-1.4721844796805166
0.19382082479442653,-1.0,-0.8906548389952363,-1.0,1.0,0.6301992557334442,-5.359875404435118
-0.1883214982887358,-1.0,-1.0,-1.0,1.0,0.0886509758151226,-4.855171116136914
-0.289145617626836,-0.3229008794195935,0.5240547342727148,-0.33591818787276195,-1.0,-1.0,2.7249758478947075
-1.0,-0.5169151203334648,0.17498787629153983,-0.9853065079464841,-0.8150539428333368,0.7686008342453143,-1.9986360755006363
-0.20468695652925883,-0.01467531613090356,-0.6498032636922806,-0.9397073679000189,-0.9357765246308964,-0.5841666599911672,-0.10728511537308616
-0.4731530593438831,-0.22565977229248824,-0.6324040988036574,-0.8059886590296272,1.0,1.0,6.842537516240574
0.1757596513010709,0.010365013305859039,1.0,1.0,0.7097754854372218,0.3293326971120251,-1.8497108624365295
0.5533315731654656,1.0,0.00037770019194183213,0.2511257595748069,-0.5929875395993016,-0.3641744821191325,0.2515497743588875
-0.9469940812462966,0.24511861106183377,-0.47400920505502675,-0.453102776075209,0.18852775868721294,-1.0,4.056504559456063
-0.15774858876461717,0.27793958905278254,-0.528295912720773,-0.22562271867322936,1.0,1.0,6.316959735189595
0.3407121268205028,0.052407100572733345,-0.010879322573440653,0.8511329839495929,0.11504752262334872,0.6773821299204787,1.2106878319316494
0.7338853403913796,0.8505553169061213,1.0,0.15829033501631895,0.6947000603728793,0.6568812473667316,-5.117532432684325
1.0,0.27149331760235784,-0.09800094024748979,-0.6249745693679879,1.0,-0.9991177275434295,-1.044956967816304
-1.0,-1.0,-0.1408045375818221,-1.0,-0.1326607250030427,-1.0,4.319671727064644
-0.045713941656982504,-1.0,-0.47911342123048606,-0.2403372204562405,-1.0,-1.0,2.9855676566833207
1.0,-0.2520401788124198,0.5149505087472128,-0.362615002136659,0.771489491039792,-1.0,2.5460009775792147
-1.0,0.02104801207296312,-0.15263663733912203,-0.13916276863744456,-1.0,0.14038889723209574,-2.9321280313373816
-1.0,-1.0,0.44940830589447756,-1.0,-0.48212666211772914,-1.0,5.411277753668947
-0.20561511481813732,-0.4307504652794909,-0.4931732064786458,-0.16351094228617313,1.0,0.27663749805417626,-0.05834024393407583
-1.0,-0.9548592915509694,0.3297223604947685,0.1223504646977987,-0.6838609462596446,-0.47437444387030925,-0.15927549949207676
-0.004760184841485424,-1.0,-0.8412305823117225,-0.19764020190191012,0.3964271631511156,1.0,2.3477735434045606
0.6876846828122734,0.33300661180183155,0.7025206605653764,-0.04606475901591067,0.31574459430771906,0.25525620484460854,-0.3967264145240226
-1.0,-1.0,-0.4041548926672762,-0.4993009086947364,-0.683762757871614,-0.704024092094131,0.44797698417469833
-1.0,-1.0,-1.0,-0.42646763580099445,-0.4492419138234761,0.06510173695765417,-4.813100046315358
-0.7814577651530314,-0.6182605455833906,-0.6331058728507439,0.28997740108317155,0.8593585473307165,0.33659539669976946,0.4805416658644369
0.4078489585576738,0.8748878025796981,1.0,1.0,-0.40958852855392053,0.3606307200381429,-2.03191022243924
-0.36578730606885324,-0.5752778646722024,-1.0,1.0,-1.0,-0.20778695233062439,-3.5751458049548095
-0.04990298777334268,0.4358723243432986,1.0,-0.9682457125996469,0.5505450365074804,1.0,-0.5907539092160579
-0.42883978643287257,-0.7271879844351138,-0.8112304691773095,-1.0,-0.24950278426675296,-0.8241086372502358,2.141034159368588
1.0,-0.3995366862663512,0.5282841960826439,-0.6751703461748265,-0.9547874372814442,0.5715580826811941,3.933708910461005
0.8447316398169462,0.004056407243050342,0.8869426686252674,0.26119249434989456,-0.4224218540144039,0.4916208837817181,-0.6944706872478524
-0.9068577075294013,-0.061208586178641236,-0.6672352832275585,0.6587662981385725,0.537507564791546,-1.0,4.290414499728612
1.0,-0.5157289389141297,0.6004987387931771,1.0,0.8047799527506865,-0.9628378693307043,0.45048706517010484
0.43999989056470357,-0.7769722074870786,0.3478095549626878,0.2229630534591779,-1.0,-1.0,6.343531079096945
0.3301971090476721,-0.7559501803750766,0.25031754256854144,-0.6233360262451277,-1.0,-1.0,7.619364224552108
0.6496250403780182,0.9871056399289582,1.0,0.8914432864664884,0.6798757100845014,-1.0,-3.422538620262406
-1.0,-1.0,-0.263764445501808,-1.0,0.2612325371555433,-1.0,5.441693640037076
0.5536109869821806,1.0,1.0,0.32349182977044855,1.0,1.0,-4.407872630886345
-1.0,-1.0,-0.6255768876320867,-0.21121386357913374,0.038658255274437225,-1.0,3.370890682857968
-0.15856787215519008,0.878169491333165,0.5970821913166041,1.0,1.0,0.22615148925210482,-2.416895832801505
-1.0,0.4050537808676,-0.4010187566986443,0.07450458683225658,-0.8898921970939087,-1.0,-1.11078500981003
0.29136188869102786,1.0,0.8356517764654894,1.0,0.39314311215120945,1.0,-3.5455829448512235
-1.0,-0.5303505349294333,-1.0,-1.0,-1.0,0.6297794315058153,-0.30458850630292217
1.0,1.0,1.0,1.0,-0.58271127348943,-0.007504169224422097,1.5266604164803195
-0.5204797373864548,-1.0,-0.05120830835454271,-0.6065371795696466,0.2013129689316498,0.9605915714254497,-0.2080528205269274
0.650992644567688,0.28035171191576214,-0.2891651331538361,0.4433704905858431,1.0,1.0,2.9926934937503153
1.0,0.12521653550104636,0.08782477510803144,1.0,-0.021106255696193177,-0.4619538251144094,1.6283261238119087
-0.7995194466134182,0.2479159532241226,-0.3466515495620064,0.13348853474197597,0.3781939890457098,0.8746425154698909,2.795492630484473
-1.0,-1.0,0.21089412787718542,0.5290129927239047,0.7874677040130722,0.9679131212894851,2.664098651173348
-1.0,-0.5481155242818606,-0.01003983140087894,-1.0,1.0,1.0,5.068469058637234
0.6117416985080839,-0.1751631914587855,-0.36366357609171496,-0.8462444128783024,1.0,0.16592347907272453,-1.127964644874241
-0.3366669610390792,-0.6940531125256877,-0.19040551160459102,-0.8637608791723965,-1.0,0.32444136371096943,1.8303450583068508
0.06806653151935771,-0.10836265827514735,0.09313108456207728,-0.36140934672286557,0.48887922494383546,-0.5797359140594649,0.7467104487517301
0.6101208864052923,0.40275789566517367,1.0,0.08262683874195031,1.0,0.7581003369884709,-2.3964736199244356
0.7878557954702572,-0.35714104646029476,0.13106849393342934,-1.0,-0.46859031592369116,1.0,4.271139268616058
-1.0,-1.0,-1.0,-0.02113269999709888,-1.0,-0.2743136806222224,-5.622225950082597
0.8882254695292837,0.11927771662030641,0.1709960887707117,1.0,1.0,0.11289518464764692,-1.4155360419981706
0.2947731993665101,-0.5800582133244367,0.3688273112534384,-0.7233292892635969,1.0,0.2814381195008595,-0.9577885666747892
0.6094077993465487,0.12755683232391335,-0.2025493344080458,-0.45656578087118804,1.0,0.9104918166763891,2.1658926815634514
0.1470908985669933,-0.33230610544768135,-0.09199799124034769,-0.08387564042510542,-0.5648861864269648,0.17306807678361802,0.09706490787154964
0.8421122799945489,-0.3269994594041433,-0.7118844712894187,-0.669903090457192,0.3058764050983679,-0.21597606812044431,-0.10072463467212045
1.0,0.7565504485196322,1.0,-0.2324585751811148,-0.42533740364579314,-1.0,3.509954785335166
1.0,1.0,-0.5974418094213734,0.7289473232022396,1.0,1.0,1.5897610332010306
0.627910805567989,1.0,0.8945904818849414,0.7771462768309634,0.9079437042722655,0.6126255685893588,-5.52069870172456
0.14904914051559484,0.8580365458041729,-0.45342161697336114,-0.6824889298037147,-0.2819468497475026,0.28110829363993484,1.3708167448055208
-0.8757903043453998,-0.5593465601771888,0.7328694240026647,-1.0,-0.017627097497731392,1.0,-3.522603238556201
-0.7892524525407838,-0.5867029343458902,-0.3057088245397821,-0.9350837560621121,0.5724359549515845,1.0,1.116308482880452
1.0,1.0,1.0,0.8679838971295555,-0.7373101924693513,1.0,0.19707574868157185
0.2793306322065897,-1.0,-0.07455895589482125,1.0,-0.7175943710534541,0.26431388864982597,2.313999442608792
-0.40997925308192606,0.19873221681945574,0.7385929643706528,-1.0,0.7025796413855212,0.16005779482172616,0.8829668419105696
-0.2510818212731053,-0.16582115648353768,-0.09259298120758597,-1.0,-0.008077204075629188,0.5958492029463262,0.38234834460833445
1.0,0.005982004446447142,1.0,1.0,-0.8737219619470643,0.8444852619586054,1.0759470084270584
-1.0,-1.0,-0.820994567634866,-1.0,-0.20662487338769298,-1.0,2.811361841481846
-1.0,-0.027640404860432843,0.2861000625909921,-0.8841415884561121,-0.5173574700335266,-0.18050004250580054,-1.2684628503887736
-0.2838268125148874,-1.0,-1.0,0.06028857607793449,0.03223100258099988,-0.07422424655873122,-3.014165615442712
-0.769382938435602,0.924301789553317,0.6668617064300387,1.0,0.1763201032057059,-0.13513237254218002,-3.146311141621496
0.3376599474620663,-0.23096355876306185,-0.36426400208933785,0.09484414733656761,0.4949345668591853,0.14319062588017728,0.06990363231567981
-1.0,0.4466284680183734,-0.05577559740631011,-0.09926357111222983,-0.05361352675766845,-0.528711647933998,0.2881542515587195
0.2673671132585942,1.0,1.0,1.0,0.07224929698871074,0.023203096520667404,-3.6327384735376715
-1.0,-0.7572498134679928,-0.24319260889804115,0.04296054756059592,1.0,1.0,6.3440781868270255
-0.8719203363073473,-1.0,-1.0,-0.8518147506523579,-0.34879728308498215,-0.5934081207581172,-2.137252003590207
1.0,-0.3350197873514281,-0.8431256432765045,0.6673127472457613,0.398850265798156,-0.6890269131934657,-0.70480483971553
-0.29695999782377663,-0.7317282847308075,-0.879323471609155,0.254894982381203,-0.7387542640513015,-0.07326417213230971,-2.500727942018094
-0.5093481658637744,-0.49961375108327494,0.20214696645932195,0.014379176562043905,0.432457252857406,0.1903206752200269,1.0668333337672964
-0.5962081675759081,-1.0,-1.0,-1.0,0.8723048972239346,0.47702657416014826,-4.992755780325324
0.2088722423722683,0.32242043078058935,0.9918135655967639,0.787369657780455,0.44301519677718826,-0.23592120357978885,-2.0887295172079017
0.21657904763393554,1.0,1.0,1.0,-0.0776171530797432,1.0,-7.050276047303567
-1.0,-0.5689779492928894,-0.6941906637529541,0.21576679246253982,0.23110441746035187,0.47308828574964545,-0.20056221697704357
-0.11574960901613629,-0.7062245409893935,-1.0,-0.7173158149101793,0.5222596382064317,0.3945719419441911,-0.9645272014835968
-0.5479632039030149,-1.0,-0.33053634318610836,-0.013631058933051943,0.4442469534754785,1.0,1.8449836429396602
-0.46469462069273126,-0.39100124236938094,-0.92051869014476,-0.45564284973975855,-1.0,-0.8204420351645813,-0.006800402332897956
0.1994234882002383,1.0,0.24823123063472297,1.0,-1.0,-0.2608175842593238,2.281788931794612
-1.0,-1.0,-0.963507090591895,-0.7161121413366157,-1.0,0.6833604427359976,-2.5659178416499095
-0.32417245320774885,-0.15810331097029717,1.0,-0.5843859244601217,1.0,1.0,-1.6078648525961847
1.0,0.85807014872762,-1.0,0.8730348827917519,-0.9181696684430478,0.6231521162925883,7.512385952260179
1.0,0.42613545075190146,0.4155194597416628,1.0,0.32421783702283014,0.8874304413165883,-0.8373533202561284
-0.02764483209737234,-0.060577727102918866,-0.6588634505660667,0.25280718710275507,-1.0,-1.0,1.6219630832318488
0.43048482924045456,-0.32637599515613624,0.34602275506757457,0.8424218772958805,0.8534324519269625,-1.0,0.38214553133333806
-0.2757755281310942,0.043471541560851784,-0.9681025324744315,-1.0,0.9004775506362526,1.0,7.4489371551325325
0.5139721912115287,0.03533251451607511,-0.9567154398155766,0.5585472107142728,0.1760567956623138,0.39992251221993147,-0.1275711622142673
1.0,0.25463918888201237,-0.29010815207967056,0.07895845388929823,-0.3975827715062179,-0.3028863702730257,0.9698420548156756
-1.0,-0.07678211065116007,-0.22658978376331096,1.0,-1.0,-0.1846487171423693,-1.348235639085364
0.6286427259656202,1.0,0.033899879676247635,1.0,1.0,0.30475212177377087,-2.09896927056453
-0.7140340524630723,-0.6660778470988484,0.10184123098653775,-1.0,0.5864103653401851,0.43805835550963806,0.34303793324306264
0.5295647389676326,1.0,-0.06135074376977934,0.04130523691681809,-1.0,-0.34297331690679533,1.4907459427354925
0.11648264533501029,0.9069880552357026,0.1335521294960908,-0.47184592700953754,1.0,1.0,5.943417317188055
-0.7570975197630695,-1.0,-1.0,-1.0,0.360107710507677,0.56383383130332,-6.917257167428519
0.8463206060462067,0.6662568495217474,0.12201255439447412,0.08101154903872176,-0.11821406305114551,1.0,3.9312326817306844
1.0,-0.4945683715034185,-1.0,0.4155791002936593,-0.4000368198683094,-0.7447432181893654,2.917953033517251
0.01591539425511601,0.026952075715176722,-0.9007474150117765,0.06003694955857192,-0.6935275469511584,0.8424526906164653,3.8253572705826455
-0.06650193103989183,1.0,-0.35061321287830916,1.0,-0.8788351692397001,-1.0,5.110032581211936
0.015595977324303956,0.7567191775831801,0.06212512333612521,0.6115640436036047,0.796270882441318,1.0,3.5067148185428323
-0.555455747723383,-0.8722511014852501,0.12553787556224683,0.25579529278616464,0.7239353005944519,1.0,3.4606639734389284
-0.8690184855679923,-0.8701511516670054,0.8138472734824468,0.30359430751689637,-1.0,1.0,-2.6438893393993004
0.41247614461564197,0.6788979710696509,0.4979534583518036,1.0,0.22664622847763738,-0.8452003599904614,1.7344325184240383
-1.0,-0.22434841293082286,-1.0,0.029494868703160537,0.022425352146036248,-0.27273080924825754,-1.227716730104403
0.419097449593268,-0.2772651373377199,-0.6398019307792757,0.19357999959682304,0.9062110573005515,1.0,3.580031146401934
0.855475976347537,0.40505054147870134,0.37520378792570597,0.31359089673085744,-0.48283931738030983,0.2454940986897527,2.30860598137708
-0.9166070712092038,-0.7406489693538574,-0.3181116514972664,-1.0,1.0,0.12827936137758011,2.1144836809224876
-0.5373585639072597,-0.33837625334810406,-0.1835910915228654,-0.5742770803838344,-0.9505090002675339,0.2398557718662262,-0.37656172356849055
0.8506331668272624,-0.9280779574156353,-0.822158790836817,1.0,-0.979470867416239,-1.0,7.16301699184995
0.011674980741095409,1.0,0.3055896160382331,1.0,0.3515972987081446,1.0,-0.3064628989882403
0.8103174926001792,0.4650252711446218,-1.0,0.30978592599028254,-0.6048651821959329,-1.0,3.605453146721204
-1.0,-0.29151209656462496,-0.7799889320930948,-0.21391573123729435,0.7974851677186893,-1.0,6.186489709828565
0.4078730495552496,0.4102472079190378,1.0,0.4557048274351496,-1.0,-0.6113405974493161,1.3574358773368336
1.0,-0.6121738907055432,-1.0,-0.17807331352755085,-0.9357211730215461,0.7183364435789945,7.149594268889273
-1.0,-0.5964815703847647,0.9688444500124541,-0.8817018740930167,1.0,0.7055513535524438,-2.9208679029015308
-1.0,0.2917628893139412,-1.0,-0.19636331841148746,-1.0,-0.7979069598681199,-1.0866821059977596
0.8143728724754671,-0.08945469335290801,-0.6223504662456566,1.0,-0.06458029969938311,0.5223857564072018,0.507533971629751
-0.2994028978784913,-1.0,-1.0,-0.9283947592485282,0.6898359074644329,-0.28452003326117276,-4.182015352530085
-0.9256144798401902,-0.3890022594380247,-1.0,-1.0,0.9617727295505323,1.0,6.265370808488453
-1.0,-1.0,-0.5671242718777398,-0.11170787832976303,0.7587690074711865,0.7730833000133315,0.3978476443451039
-0.9178922697956449,-0.17026657738275808,-1.0,-0.4247414847614668,0.46285999948230366,-0.8431878397271981,3.839511398013959
1.0,1.0,1.0,0.6324158709006438,-0.6542179332094474,0.06108014282645441,0.98824343391211
-1.0,-1.0,-1.0,-1.0,-0.09589283522975789,0.11029062297637748,-8.302281786896925
0.2712772168935884,1.0,0.866989830072378,0.7510579694978543,1.0,0.8659348823754289,-3.4097020631676256
-1.0,0.9769057948246824,-1.0,-0.6537843401733585,-1.0,-0.5594737264105962,-0.1251073642878246
0.9159781530548539,1.0,1.0,0.06179580338210866,0.6557998163235852,0.32823964430437425,-3.7361166864831716
-1.0,0.09564687625387036,-0.43716114807852463,-1.0,-1.0,1.0,3.9995521667899263
-1.0,-0.0764321770150096,-0.8335226162818579,-0.9306612053177046,-0.31422249137430014,-0.7380176022880167,0.13069781694885318
0.9428555968625432,0.1250857003246355,-1.0,-0.2025298190634539,1.0,0.9903100608924642,0.02872035965848981
1.0,0.3106073590579314,-0.7709835638020177,0.1534827126886258,-1.0,-0.5744275214846626,4.016896423839667
0.015745763594050333,1.0,0.577235655871053,0.31664392568780575,-0.10900979387477538,-0.016890071756654856,-1.7620301947712784
0.3588340435500643,-0.5579893839262844,0.9606652009720771,0.33839005794049504,-0.8041957252828498,-0.12422597287914872,0.7946736567365839
-0.31533373610935433,-1.0,-0.17117636666085567,0.6238211555364694,0.27532609558570476,0.7508399503192785,1.6433767697272512
1.0,0.14260812006513074,0.3272135869555355,1.0,1.0,0.4427024032189584,-3.0957600669540923
0.10022110492911462,0.7044020377363629,1.0,1.0,-0.9309816939249156,-0.6438167389568464,1.4178601141003644
-0.5424787642252283,-0.5306460239368526,-0.1081980217486575,0.5816597989022448,-0.8531718688866976,0.19481134283466583,-0.5091121025432015
1.0,0.23133193744129987,0.12627580546424488,1.0,-0.5755410456589933,0.507486186080088,1.3260852665861378
-0.21640963600490593,-0.6475175445618606,-0.1641680219350906,-0.24621519776965095,-0.39374308561162974,-0.5542942751376254,-0.646699162990219
0.7424199988134261,1.0,-0.03363270794203499,0.8936018266704893,-0.5265647837300611,-1.0,7.844402427969388
